iata,name,lat,lon,country,municipality,type
AAA,Anaa Airport,-17.3526,-145.509995,PF,Anaa,medium_airport
AAC,El Arish International Airport,31.055324,33.827964,EG,El Arish,large_airport
AAE,Annaba Rabah Bitat Airport,36.826781,7.81334,DZ,Annaba,large_airport
AAL,Aalborg Airport,57.094763,9.84993,DK,Aalborg,large_airport
AAN,Al Ain International Airport,24.2617,55.6092,AE,Al Ain,large_airport
AAP,Aji Pangeran Tumenggung Pranoto International Airport,-0.374478,117.250128,ID,Samarinda,medium_airport
AAR,Aarhus Airport,56.303331,10.618286,DK,Aarhus,large_airport
AAT,Altay Xuedu Airport,47.749886,88.085808,CN,Altay,medium_airport
AAX,Romeu Zema Airport,-19.5632,-46.9604,BR,Araxá,medium_airport
AAY,Al Ghaydah International Airport,16.193341,52.174186,YE,Al Ghaydah,medium_airport
ABA,Abakan International Airport,53.740002,91.385002,RU,Abakan,large_airport
ABB,Asaba International Airport,6.204167,6.665278,NG,Asaba,large_airport
ABD,Abadan Ayatollah Jami International Airport,30.367887,48.230075,IR,Abadan,large_airport
ABE,Lehigh Valley International Airport,40.651773,-75.442797,US,Allentown/Bethlehem,medium_airport
ABI,Abilene Regional Airport,32.4113006592,-99.68190002440001,US,Abilene,medium_airport
ABJ,Félix-Houphouët-Boigny International Airport,5.26139,-3.92629,CI,Abidjan,large_airport
ABK,Kebri Dahar Airport,6.732577,44.241339,ET,Kebri Dahar,medium_airport
ABL,Ambler Airport,67.105529,-157.855339,US,Ambler,medium_airport
ABQ,Albuquerque International Sunport,35.039976,-106.608925,US,Albuquerque,large_airport
ABR,Aberdeen Regional Airport,45.449100494384766,-98.42179870605469,US,Aberdeen,medium_airport
ABS,Abu Simbel Airport,22.375924,31.611734,EG,Abu Simbel,medium_airport
ABT,King Saud Bin Abdulaziz (Al Baha) Airport,20.298506,41.636153,SA,Al-Baha,medium_airport
ABV,Nnamdi Azikiwe International Airport,9.00679,7.26317,NG,Abuja,large_airport
ABX,Albury Airport,-36.066758,146.959148,AU,East Albury,medium_airport
ABY,Southwest Georgia Regional Airport,31.532946,-84.196215,US,Albany,medium_airport
ABZ,Aberdeen International Airport,57.2019,-2.19778,GB,Aberdeen,large_airport
ACA,General Juan N. Álvarez International Airport,16.757126,-99.753113,MX,Acapulco,large_airport
ACC,Kotoka International Airport,5.605189800262451,-0.16678600013256073,GH,Accra,large_airport
ACE,César Manrique-Lanzarote Airport,28.945499,-13.6052,ES,San Bartolomé,large_airport
ACH,Sankt Gallen Altenrhein Airport,47.485001,9.56077,CH,St. Gallen,medium_airport
ACI,Alderney Airport,49.706104,-2.21472,GG,Saint Anne,medium_airport
ACK,Nantucket Memorial Airport,41.25310135,-70.06020355,US,Nantucket,medium_airport
ACT,Waco Regional Airport,31.611299514770508,-97.23049926757812,US,Waco,medium_airport
ACV,California Redwood Coast-Humboldt County Airport,40.978101,-124.109,US,Arcata/Eureka,medium_airport
ACX,Xingyi Wanfenglin Airport,25.083423,104.960804,CN,Xingyi,medium_airport
ACY,Atlantic City International Airport,39.456201,-74.577511,US,Atlantic City,medium_airport
ADB,Adnan Menderes International Airport,38.2924,27.157,TR,Gaziemir,large_airport
ADD,Addis Ababa Bole International Airport,8.97789,38.799301,ET,Addis Ababa,large_airport
ADE,Aden International Airport,12.829564,45.029976,YE,Aden,large_airport
ADF,Adıyaman Airport,37.7314,38.468899,TR,Adıyaman,medium_airport
ADJ,Marka International (Amman Civil) Airport,31.9727,35.9916,JO,Amman,large_airport
ADK,Adak Airport,51.883564,-176.642783,US,Adak,medium_airport
ADL,Adelaide International Airport,-34.947512,138.533393,AU,Adelaide,large_airport
ADQ,Kodiak Airport,57.75,-152.4940033,US,Kodiak,medium_airport
ADU,Ardabil Airport,38.3256988525,48.4244003296,IR,Ardabil,medium_airport
ADZ,Gustavo Rojas Pinilla International Airport,12.5836,-81.7112,CO,San Andrés,large_airport
AEB,Baise (Bose) Bama Airport,23.7206,106.959999,CN,Baise (Tianyang),medium_airport
AEP,Aeroparque Jorge Newbery,-34.559419,-58.415536,AR,Buenos Aires,large_airport
AER,Sochi International Airport,43.449902,39.9566,RU,Sochi,large_airport
AES,Ålesund Airport,62.560443,6.110845,NO,Ålesund,large_airport
AEU,Abu Musa Island Airport,25.8757,55.033001,IR,Abu Musa,medium_airport
AEX,Alexandria International Airport,31.325828,-92.546702,US,Alexandria,medium_airport
AEY,Akureyri International Airport,65.656573,-18.072018,IS,Akureyri,large_airport
AFA,Suboficial Ay Santiago Germano Airport,-34.588299,-68.4039,AR,San Rafael,medium_airport
AFL,Piloto Osvaldo Marques Dias Airport,-9.866389,-56.106298,BR,Alta Floresta,medium_airport
AFZ,Sabzevar National Airport,36.16809844970703,57.59519958496094,IR,Sabzevar,medium_airport
AGA,Al Massira Airport,30.322478,-9.412003,MA,Agadir (Temsia),large_airport
AGH,Ängelholm-Helsingborg Airport,56.29610061645508,12.847100257873535,SE,Ängelholm,medium_airport
AGP,Málaga-Costa del Sol Airport,36.6749,-4.49911,ES,Málaga,large_airport
AGR,Agra Airport / Agra Air Force Station,27.157975,77.961025,IN,Agra,medium_airport
AGS,Augusta Regional At Bush Field,33.3699,-81.9645,US,Augusta,medium_airport
AGT,Guaraní International Airport,-25.457186,-54.839544,PY,Ciudad del Este,large_airport
AGU,Aguascalientes International Airport,21.699589,-102.318372,MX,Aguascalientes,large_airport
AGX,Agatti Airport,10.8237,72.176003,IN,Agatti,medium_airport
AHA,Maa Mahamaya Airport,22.98753,83.19612,IN,Ambikapur,medium_airport
AHB,Abha International Airport,18.2404,42.656601,SA,Abha,large_airport
AHE,Ahe Airport,-14.428099632263184,-146.2570037841797,PF,Ahe Atoll,medium_airport
AHO,Alghero-Fertilia Airport,40.632099,8.29077,IT,Alghero,medium_airport
AHU,Cherif Al Idrissi Airport,35.177101,-3.83952,MA,Al Hoceima,medium_airport
AIA,Alliance Municipal Airport,42.052543,-102.803965,US,Alliance,medium_airport
AIN,Wainwright Airport,70.638,-159.994995,US,Wainwright,medium_airport
AJA,Ajaccio Napoléon Bonaparte airport,41.923599,8.80292,FR,Ajaccio,medium_airport
AJF,Al-Jawf International Airport,29.783301,40.100905,SA,Al-Jawf,large_airport
AJI,Ağrı Airport,39.655642,43.025742,TR,Ağrı,medium_airport
AJL,Lengpui Airport,23.840599,92.619698,IN,Aizawl (Lengpui),medium_airport
AJN,Ouani Airport,-12.131047,44.430044,KM,Ouani,medium_airport
AJR,Arvidsjaur Airport,65.59030151367188,19.28190040588379,SE,Arvidsjaur,medium_airport
AJU,Aracaju - Santa Maria Airport,-10.98394,-37.072873,BR,Aracaju,medium_airport
AKF,Kufra Airport,24.178699493408203,23.31399917602539,LY,Kufra,medium_airport
AKJ,Asahikawa Airport,43.670799,142.447006,JP,Higashikagura,medium_airport
AKL,Auckland International Airport,-37.01199,174.786331,NZ,Auckland,large_airport
AKN,King Salmon Airport,58.677845,-156.651965,US,King Salmon,medium_airport
AKP,Anaktuvuk Pass Airport,68.133598,-151.742996,US,Anaktuvuk Pass,medium_airport
AKR,Akure Airport,7.246739864349365,5.3010101318359375,NG,Akure,medium_airport
AKU,Aksu Hongqipo Airport,41.262501,80.291702,CN,Aksu (Onsu),medium_airport
AKX,Aktobe International Airport,50.248116,57.204144,KZ,Aktobe,large_airport
AKY,Sittwe Airport,20.133165,92.870693,MM,Sittwe,medium_airport
ALA,Almaty International Airport,43.354267,77.042828,KZ,Almaty,large_airport
ALB,Albany International Airport,42.748299,-73.801697,US,Albany,large_airport
ALC,Alicante-Elche Miguel Hernández Airport,38.2822,-0.558156,ES,Alicante,large_airport
ALF,Alta Airport,69.976097,23.3717,NO,Alta,medium_airport
ALG,Houari Boumediene Airport,36.693886,3.214531,DZ,Algiers,large_airport
ALH,Albany Airport,-34.943333,117.808889,AU,Albany,medium_airport
ALO,Waterloo Regional Airport,42.557098388671875,-92.40029907226562,US,Waterloo,medium_airport
ALP,Aleppo International Airport,36.181262,37.226869,SY,Aleppo,large_airport
ALS,San Luis Valley Regional Airport/Bergman Field,37.434898,-105.866997,US,Alamosa,medium_airport
ALW,Walla Walla Regional Airport,46.09489822,-118.288002,US,Walla Walla,medium_airport
AMA,Rick Husband Amarillo International Airport,35.217857,-101.706444,US,Amarillo,medium_airport
AMD,Sardar Vallabh Patel International Airport,23.0772,72.634697,IN,Ahmedabad,large_airport
AMH,Arba Minch Airport,6.03939,37.5905,ET,Arba Minch,medium_airport
AMM,Queen Alia International Airport,31.7226009369,35.9931983948,JO,Amman,large_airport
AMQ,Pattimura International Airport,-3.71026,128.089005,ID,Ambon,large_airport
AMS,Amsterdam Airport Schiphol,52.308601,4.76389,NL,Amsterdam,large_airport
AMV,Amderma Airport,69.763712,61.556711,RU,Amderma,medium_airport
ANC,Ted Stevens Anchorage International Airport,61.179004,-149.992561,US,Anchorage,large_airport
ANF,Andrés Sabella Gálvez International Airport,-23.445274,-70.445232,CL,Antofagasta,large_airport
ANI,Aniak Airport,61.581600189208984,-159.54299926757812,US,Aniak,medium_airport
ANR,Antwerp International Airport (Deurne),51.190667,4.463153,BE,Antwerp,medium_airport
ANU,V. C. Bird International Airport,17.1367,-61.792702,AG,Osbourn,large_airport
ANV,Anvik Airport,62.646702,-160.190994,US,Anvik,medium_airport
ANX,"Andøya Airport, Andenes",69.295193,16.139379,NO,Andenes,medium_airport
AOE,Hasan Polatkan Airport,39.811644,30.519268,TR,Eskişehir,large_airport
AOG,Anshan Teng'ao Airport / Anshan Air Base,41.105301,122.853996,CN,Anshan,medium_airport
AOI,Marche Airport,43.616299,13.3623,IT,Falconara Marittima (AN),medium_airport
AOJ,Aomori Airport,40.733777,140.689477,JP,Aomori,large_airport
AOK,Karpathos Airport,35.421398,27.146,GR,Karpathos Island,medium_airport
AOO,Altoona Blair County Airport,40.296398,-78.32,US,Altoona,medium_airport
AOR,Sultan Abdul Halim Airport,6.189670085906982,100.39800262451172,MY,Alor Satar,medium_airport
APL,Nampula Airport,-15.1056,39.281799,MZ,Nampula,large_airport
APN,Alpena County Regional Airport,45.0780983,-83.56030273,US,Alpena,medium_airport
APO,Antonio Roldán Betancur Airport,7.81196,-76.7164,CO,Carepa,medium_airport
APW,Faleolo International Airport,-13.83,-172.007996,WS,Apia,large_airport
AQA,Araraquara Airport,-21.812,-48.132999,BR,Araraquara,medium_airport
AQG,Anqing Tianzhushan Airport / Anqing North Air Base,30.582199,117.050003,CN,Anqing,medium_airport
AQI,Qaisumah–Hafar Al-Batin International Airport,28.335726,46.127108,SA,Qaisumah,large_airport
AQJ,King Hussein International Airport,29.611601,35.018101,JO,Aqaba,large_airport
AQP,Rodríguez Ballón International Airport,-16.340786,-71.569485,PE,Arequipa,large_airport
ARC,Arctic Village Airport,68.1147,-145.578995,US,Arctic Village,medium_airport
ARH,Talagi Airport,64.60030364990234,40.71670150756836,RU,Archangelsk,medium_airport
ARI,Chacalluta International Airport,-18.348499,-70.338699,CL,Arica,medium_airport
ARK,Arusha Airport,-3.3677899837493896,36.63330078125,TZ,Arusha,medium_airport
ARM,Armidale Airport,-30.528099060099997,151.617004395,AU,Armidale,medium_airport
ARN,Stockholm-Arlanda Airport,59.64849,17.928829,SE,Stockholm,large_airport
ART,Watertown International Airport,43.991901,-76.021698,US,Watertown,medium_airport
ARU,Araçatuba Airport,-21.141479,-50.424575,BR,Araçatuba,medium_airport
ARW,Arad International Airport,46.176136,21.264322,RO,Arad,medium_airport
ASB,Ashgabat International Airport,37.986801,58.361,TM,Ashgabat,large_airport
ASD,Andros Town Airport,24.697901,-77.795601,BS,Andros Town,medium_airport
ASE,Aspen-Pitkin County Airport (Sardy Field),39.223202,-106.869003,US,Aspen,medium_airport
ASF,Astrakhan Narimanovo Boris M. Kustodiev International Airport,46.282843,48.010511,RU,Astrakhan,large_airport
ASI,RAF Ascension Island,-7.970179,-14.392744,SH,Cat Hill,medium_airport
ASJ,Amami Airport,28.430599212646484,129.71299743652344,JP,Amami,medium_airport
ASM,Asmara International Airport,15.2919,38.910702,ER,Asmara,medium_airport
ASO,Asosa Airport,10.018500328063965,34.586299896240234,ET,Asosa,medium_airport
ASP,Alice Springs Airport,-23.806588,133.903427,AU,Alice Springs,medium_airport
ASR,Kayseri Erkilet International Airport,38.770401,35.495399,TR,Kayseri,large_airport
ASU,Silvio Pettirossi International Airport,-25.240156,-57.519227,PY,Asunción,large_airport
ASV,Amboseli Airport,-2.644786,37.252922,KE,Ol Tukai,medium_airport
ASW,Aswan International Airport,23.961075,32.820382,EG,Aswan,large_airport
ATC,Arthur's Town Airport,24.6294,-75.673797,BS,Arthur's Town,medium_airport
ATH,Athens Eleftherios Venizelos International Airport,37.936401,23.9445,GR,Spata-Artemida,large_airport
ATK,Atqasuk Edward Burnell Sr Memorial Airport,70.46704,-157.436013,US,Atqasuk,medium_airport
ATL,Hartsfield Jackson Atlanta International Airport,33.6367,-84.428101,US,Atlanta,large_airport
ATM,Altamira Interstate Airport,-3.253144,-52.253938,BR,Altamira,medium_airport
ATQ,Sri Guru Ram Das Ji International Airport,31.7096,74.797302,IN,Amritsar,large_airport
ATW,Appleton International Airport,44.258515,-88.519,US,Appleton,medium_airport
ATY,Watertown Regional Airport,44.91400146,-97.15470123,US,Watertown,medium_airport
ATZ,Asyut International Airport,27.045962,31.01276,EG,Asyut,large_airport
AUA,Queen Beatrix International Airport,12.501056,-70.014281,AW,Oranjestad,large_airport
AUC,Santiago Perez Airport,7.06888,-70.7369,CO,Arauca,medium_airport
AUG,Augusta State Airport,44.320598602299995,-69.7973022461,US,Augusta,medium_airport
AUH,Zayed International Airport,24.440966,54.649237,AE,Abu Dhabi,large_airport
AUQ,Hiva Oa-Atuona Airport,-9.76879024506,-139.011001587,PF,Hiva Oa Island,medium_airport
AUR,Aurillac airport,44.891399,2.42194,FR,Aurillac,medium_airport
AUS,Austin Bergstrom International Airport,30.197535,-97.662015,US,Austin,large_airport
AUX,Araguaína Airport,-7.22787,-48.240501,BR,Araguaína,medium_airport
AVA,Anshun Huangguoshu Airport,26.260556,105.873333,CN,Anshun (Xixiu),medium_airport
AVK,Arvaikheer Airport,46.250301361083984,102.802001953125,MN,Arvaikheer,medium_airport
AVL,Asheville Regional Airport,35.435488,-82.541853,US,Asheville,medium_airport
AVN,Avignon Caumont airport,43.907299,4.90183,FR,Avignon,medium_airport
AVP,Wilkes-Barre/Scranton International Airport,41.337064,-75.724232,US,Wilkes-Barre/Scranton,medium_airport
AVR,Amravati  Airport,20.814608,77.717765,IN,Amravati,medium_airport
AVV,Melbourne Avalon International Airport,-38.040269,144.467196,AU,Geelong/Melbourne,large_airport
AWA,Hawassa International Airport,7.100611,38.396455,ET,Hawassa,large_airport
AWK,Wake Island Airfield,19.282437,166.636637,UM,Wake Island,medium_airport
AWZ,Qasem Soleimani International Airport,31.3364,48.763789,IR,Ahvaz,large_airport
AXA,Clayton J. Lloyd International Airport,18.204773,-63.05383,AI,The Valley,medium_airport
AXD,Alexandroupoli Democritus Airport,40.8559,25.956301,GR,Alexandroupolis,medium_airport
AXF,Alxa Left Banner Bayanhot Airport,38.748317,105.58416,CN,Bayanhot,medium_airport
AXJ,Amakusa Airport,32.482498,130.158997,JP,Amakusa,medium_airport
AXM,El Eden Airport,4.45278,-75.7664,CO,Armenia,medium_airport
AXP,Spring Point Airport,22.441799,-73.970901,BS,Spring Point,medium_airport
AXR,Arutua Airport,-15.248299598693848,-146.61700439453125,PF,,medium_airport
AXT,Akita Airport,39.615601,140.218994,JP,Akita,medium_airport
AXU,Axum Airport,14.1468,38.7728,ET,Axum,medium_airport
AYJ,Maharshi Valmiki International Airport,26.747736,82.163664,IN,Faizabad,medium_airport
AYP,Air Force Colonel Alfredo Mendivil Duarte Airport,-13.1548,-74.204399,PE,Ayacucho,medium_airport
AYQ,Ayers Rock Connellan Airport,-25.185913,130.97703,AU,Yulara,medium_airport
AYT,Antalya International Airport,36.898701,30.800501,TR,Antalya,large_airport
AZA,Mesa Gateway Airport,33.3078,-111.654999,US,Mesa,medium_airport
AZD,Shahid Sadooghi Airport,31.9048995972,54.2765007019,IR,Yazd,medium_airport
AZN,Andijan International Airport,40.727699,72.293999,UZ,Andijan,medium_airport
AZO,Kalamazoo/Battle Creek International Airport,42.232105,-85.549637,US,Kalamazoo,medium_airport
AZR,Touat-Cheikh Sidi Mohamed Belkebir Airport,27.837601,-0.186414,DZ,Adrar,medium_airport
AZS,Samaná El Catey International Airport,19.269259,-69.737405,DO,Samana,medium_airport
BAH,Bahrain International Airport,26.267295,50.63764,BH,Manama,large_airport
BAL,Batman Airport,37.929001,41.1166,TR,Batman,medium_airport
BAQ,Ernesto Cortissoz International Airport,10.8896,-74.7808,CO,Barranquilla,large_airport
BAR,Qionghai Bo'ao Airport,19.140951,110.452766,CN,Qionghai (Basuo),medium_airport
BAV,Baotou Donghe International Airport,40.560001,109.997002,CN,Baotou,large_airport
BAX,Barnaul Gherman Titov International Airport,53.361285,83.539701,RU,Barnaul,large_airport
BAY,Maramureș International Airport,47.658444,23.464445,RO,Tăuții-Măgherăuș,medium_airport
BBA,Balmaceda Airport,-45.915968,-71.689499,CL,Balmaceda,medium_airport
BBI,Biju Patnaik International Airport,20.251021,85.814747,IN,Bhubaneswar,large_airport
BBK,Kasane International Airport,-17.831653,25.166195,BW,Kasane,large_airport
BBM,Battambang Airport,13.0956,103.223999,KH,Battambang,medium_airport
BBN,Bario Airport,3.734648,115.478548,MY,Bario,medium_airport
BBO,Berbera Airport,10.385035,44.936723,SO,Berbera,medium_airport
BBQ,Burton-Nibbs International Airport,17.621194,-61.798347,AG,Codrington,medium_airport
BBU,Bucharest Băneasa Aurel Vlaicu International Airport,44.503133,26.102944,RO,Bucharest,large_airport
BCA,Gustavo Rizo Airport,20.365299224853516,-74.5062026977539,CU,Baracoa,medium_airport
BCD,Bacolod-Silay International Airport,10.776237,123.018879,PH,Bacolod City,large_airport
BCH,Baucau Airport,-8.486479,126.399981,TL,Baucau,medium_airport
BCI,Barcaldine Airport,-23.566268,145.302086,AU,Barcaldine,medium_airport
BCM,Bacău George Enescu International  Airport,46.5219,26.910299,RO,Bacău,large_airport
BCN,Josep Tarradellas Barcelona-El Prat Airport,41.2971,2.07846,ES,Barcelona,large_airport
BCO,Jinka Airport,5.749655,36.560165,ET,Jinka,medium_airport
BCU,Sir Abubakar Tafawa Balewa Bauchi State International Airport,10.482833,9.744,NG,Bauchi,large_airport
BDA,L.F. Wade International Airport,32.363802,-64.67824,BM,Hamilton,large_airport
BDB,Bundaberg Airport,-24.905039,152.322612,AU,Bundaberg,medium_airport
BDH,Bandar Lengeh International Airport,26.532283,54.82484,IR,Bandar Lengeh,medium_airport
BDJ,Syamsudin Noor International Airport,-3.440112,114.761209,ID,Banjarbaru,large_airport
BDL,Bradley International Airport,41.938555,-72.688016,US,Hartford,large_airport
BDO,Husein Sastranegara International Airport,-6.90063,107.575996,ID,Bandung,medium_airport
BDQ,Vadodara International Airport,22.336201,73.226303,IN,Vadodara,large_airport
BDS,Brindisi Airport,40.6576,17.947001,IT,Brindisi,large_airport
BDT,Gbadolite Airport,4.252745,20.975271,CD,Gbadolite,medium_airport
BDU,Bardufoss Airport,69.055801,18.5404,NO,Målselv,medium_airport
BEB,Benbecula Airport,57.481098,-7.36278,GB,Balivanich,medium_airport
BED,Laurence G Hanscom Field,42.470001,-71.289001,US,Bedford,medium_airport
BEF,Bluefields Airport,11.991,-83.774101,NI,Bluefields,medium_airport
BEG,Belgrade Nikola Tesla Airport,44.818401,20.309099,RS,Belgrade,large_airport
BEJ,Kalimarau Airport,2.14776,117.430705,ID,Tanjung Redeb - Borneo Island,medium_airport
BEK,Bareilly Air Force Station,28.4221,79.450798,IN,Bareilly,medium_airport
BEL,Val de Cans/Júlio Cezar Ribeiro International Airport,-1.379279,-48.476207,BR,Belém,large_airport
BEM,Beni Mellal Airport,32.401895,-6.315905,MA,Oulad Yaich,large_airport
BEN,Benina International Airport,32.096802,20.269501,LY,Benina,large_airport
BER,Berlin Brandenburg Airport,52.361738,13.502341,DE,Berlin,large_airport
BES,Brest Bretagne airport,48.447899,-4.41854,FR,Brest,large_airport
BET,Bethel Airport,60.77980042,-161.8379974,US,Bethel,medium_airport
BEU,Bedourie Airport,-24.3461,139.460007,AU,Bedourie,medium_airport
BEW,Beira International Airport,-19.7964,34.9076,MZ,Beira,large_airport
BEY,Beirut Rafic Hariri International Airport,33.819833,35.487443,LB,Beirut,large_airport
BFD,Bradford Regional Airport,41.8031005859375,-78.64009857177734,US,Bradford,medium_airport
BFF,Western Neb. Rgnl/William B. Heilig Airport,41.87400055,-103.5960007,US,Scottsbluff,medium_airport
BFI,King County International Airport - Boeing Field,47.527042,-122.29995,US,Seattle,medium_airport
BFJ,Bijie Feixiong Airport,27.267066,105.472097,CN,Bijie,medium_airport
BFL,Meadows Field,35.433601,-119.056999,US,Bakersfield,medium_airport
BFN,Bram Fischer International Airport,-29.092699,26.302401,ZA,Bloemfontein,large_airport
BFS,Belfast International Airport,54.6575012207,-6.2158298492399995,GB,Belfast,large_airport
BFV,Buri Ram Airport,15.2295,103.252998,TH,Buriram,medium_airport
BFY,Bengbu Tenghu Airport,33.166292,117.058344,CN,Bengbu,medium_airport
BGA,Palonegro Airport,7.1265,-73.1848,CO,Bucaramanga,medium_airport
BGC,Bragança Airport,41.8578,-6.70713,PT,Bragança,medium_airport
BGF,Bangui M'Poko International Airport,4.39848,18.518801,CF,Bangui,large_airport
BGG,Bingöl Airport,38.860131,40.594489,TR,Bingöl,medium_airport
BGI,Grantley Adams International Airport,13.074667,-59.491034,BB,Bridgetown,large_airport
BGM,Greater Binghamton/Edwin A Link field,42.20869827,-75.97979736,US,Binghamton,medium_airport
BGO,"Bergen Airport, Flesland",60.2934,5.21814,NO,Bergen,large_airport
BGR,Bangor International Airport,44.806364,-68.826668,US,Bangor,medium_airport
BGW,Baghdad International Airport / New Al Muthana Air Base,33.262501,44.2346,IQ,Baghdad,large_airport
BGY,Il Caravaggio International Airport,45.669362,9.708851,IT,Orio al Serio (BG),large_airport
BHB,Hancock County-Bar Harbor Airport,44.45000076,-68.3615036,US,Bar Harbor,medium_airport
BHD,George Best Belfast City Airport,54.618099,-5.8725,GB,Belfast,medium_airport
BHE,Woodbourne Airport,-41.5182991027832,173.8699951171875,NZ,Blenheim,medium_airport
BHH,Bisha Airport,19.9844,42.620899,SA,Bisha,medium_airport
BHI,Comandante Espora Airport,-38.725,-62.1693,AR,Bahía Blanca,medium_airport
BHJ,Bhuj Airport,23.2877998352,69.6701965332,IN,Bhuj,medium_airport
BHK,Bukhara International Airport,39.775319,64.482279,UZ,Bukhara,large_airport
BHM,Birmingham-Shuttlesworth International Airport,33.562877,-86.750712,US,Birmingham,large_airport
BHO,Raja Bhoj International Airport,23.2875,77.337402,IN,Bhopal,large_airport
BHQ,Broken Hill Airport,-32.0013999939,141.472000122,AU,Broken Hill,medium_airport
BHS,Bathurst Airport,-33.406817,149.651161,AU,Bathurst,medium_airport
BHU,Bhavnagar Airport,21.752199173,72.1852035522,IN,Bhavnagar,medium_airport
BHV,Bahawalpur Airport,29.348100662231445,71.71800231933594,PK,Bahawalpur,medium_airport
BHX,Birmingham Airport,52.453899,-1.74803,GB,"Birmingham, West Midlands",large_airport
BHY,Beihai Fucheng Airport,21.538659,109.293683,CN,Beihai,medium_airport
BIA,Bastia-Poretta International airport,42.5527,9.48373,FR,Bastia,large_airport
BIH,Eastern Sierra Regional Airport,37.3731,-118.363998,US,Bishop,medium_airport
BIK,Frans Kaisiepo Airport,-1.19002,136.108002,ID,Biak,medium_airport
BIL,Billings Logan International Airport,45.808932,-108.541242,US,Billings,medium_airport
BIM,South Bimini Airport,25.6998996735,-79.2647018433,BS,South Bimini,medium_airport
BIO,Bilbao Airport,43.301102,-2.91061,ES,Bilbao,large_airport
BIQ,Biarritz Pays Basque airport,43.468372,-1.523223,FR,Biarritz,medium_airport
BIR,Biratnagar Airport,26.48150062561035,87.26399993896484,NP,Biratnagar,medium_airport
BIS,Bismarck Municipal Airport,46.772734,-100.746874,US,Bismarck,medium_airport
BJA,Soummam–Abane Ramdane Airport,36.712547,5.069909,DZ,Béjaïa,large_airport
BJB,Bojnord Airport,37.49300003051758,57.30820083618164,IR,Bojnord,medium_airport
BJC,Rocky Mountain Metropolitan Airport,39.908798,-105.116997,US,Denver,medium_airport
BJF,Båtsfjord Airport,70.60025,29.692612,NO,Båtsfjord,medium_airport
BJL,Banjul International Airport,13.338,-16.652201,GM,Banjul (Yundum),large_airport
BJM,Bujumbura Melchior Ndadaye International Airport,-3.32402,29.318501,BI,Bujumbura,large_airport
BJR,Bahir Dar Airport,11.6081,37.321602,ET,Bahir Dar,medium_airport
BJV,Milas Bodrum International Airport,37.249314,27.66401,TR,Bodrum,large_airport
BJX,Guanajuato International Airport,20.992695,-101.480284,MX,Silao,large_airport
BJZ,Badajoz Airport,38.8913,-6.82133,ES,Badajoz,medium_airport
BKG,Branson Airport,36.532082,-93.200544,US,Branson,medium_airport
BKI,Kota Kinabalu International Airport,5.932743,116.049324,MY,Kota Kinabalu,large_airport
BKK,Suvarnabhumi Airport,13.6811,100.747002,TH,Bangkok,large_airport
BKN,Balkanabat International Airport,39.681052,54.206008,TM,Balkanabat,medium_airport
BKO,Modibo Keita International Airport,12.5335,-7.94994,ML,Bamako,large_airport
BKQ,Blackall Airport,-24.431678,145.429716,AU,Blackall,medium_airport
BKS,Fatmawati Soekarno Airport,-3.8637,102.338997,ID,Bengkulu,medium_airport
BKW,Raleigh County Memorial Airport,37.7873,-81.124199,US,Beaver,medium_airport
BLA,General José Antonio Anzoategui International Airport,10.111111,-64.692222,VE,Barcelona,large_airport
BLD,Boulder City Municipal Airport,35.947161,-114.858799,US,Boulder City,medium_airport
BLE,Dala Airport,60.422001,15.5152,SE,Borlange,medium_airport
BLI,Bellingham International Airport,48.79280090332031,-122.53800201416016,US,Bellingham,medium_airport
BLJ,Batna Mostefa Ben Boulaid Airport,35.752102,6.30859,DZ,Batna,large_airport
BLL,Billund Airport,55.740335,9.157019,DK,Billund,large_airport
BLQ,Bologna Guglielmo Marconi Airport,44.5354,11.2887,IT,Bologna,large_airport
BLR,Kempegowda International Airport Bengaluru,13.1979,77.706299,IN,Bengaluru,large_airport
BLV,Scott AFB/Midamerica Airport,38.5452,-89.835197,US,Belleville,medium_airport
BLZ,Chileka International Airport,-15.677189,34.972319,MW,Blantyre,large_airport
BMA,Stockholm-Bromma Airport,59.354401,17.9417,SE,Stockholm,medium_airport
BME,Broome International Airport,-17.949194,122.2283,AU,Broome,large_airport
BMI,Central Illinois Regional Airport at Bloomington-Normal,40.4771,-88.915901,US,Bloomington/Normal,medium_airport
BMU,Sultan Muhammad Salahuddin Airport,-8.537184,118.685002,ID,Bima,medium_airport
BMV,Buon Ma Thuot Airport,12.668299675,108.120002747,VN,Buon Ma Thuot,medium_airport
BMW,Bordj Badji Mokhtar Airport,21.3778,0.92698,DZ,Bordj Badji Mokhtar,medium_airport
BNA,Nashville International Airport,36.1245,-86.6782,US,Nashville,large_airport
BND,Bandar Abbas International Airport,27.2183,56.3778,IR,Bandar Abbas,large_airport
BNE,Brisbane International Airport,-27.384199142456055,153.11700439453125,AU,Brisbane,large_airport
BNI,Benin Airport,6.316979885101318,5.5995001792907715,NG,Benin,medium_airport
BNK,Ballina Byron Gateway Airport,-28.833236,153.561471,AU,Ballina,medium_airport
BNN,"Brønnøysund Airport, Brønnøy",65.461098,12.2175,NO,Brønnøy,medium_airport
BNS,Barinas Airport,8.615,-70.214167,VE,Barinas,medium_airport
BNX,Banja Luka International Airport,44.941399,17.297501,BA,Mahovljani,large_airport
BOB,Bora Bora Airport,-16.444400787353516,-151.75100708007812,PF,Motu Mute,medium_airport
BOC,"Bocas del Toro ""Isla Colón"" International Airport",9.34085,-82.250801,PA,Isla Colón,medium_airport
BOD,Bordeaux–Mérignac Airport,44.82865,-0.715356,FR,Bordeaux,large_airport
BOG,El Dorado International Airport,4.70159,-74.1469,CO,Bogota,large_airport
BOH,Bournemouth Airport,50.780483,-1.839576,GB,Bournemouth,medium_airport
BOI,Boise Air Terminal/Gowen Field,43.5644,-116.223,US,Boise,large_airport
BOJ,Burgas Airport,42.569917,27.515173,BG,Burgas,large_airport
BOM,Chhatrapati Shivaji Maharaj International Airport,19.088699,72.867897,IN,Mumbai,large_airport
BON,Flamingo International Airport,12.131,-68.268501,BQ,Kralendijk,large_airport
BOO,Bodø Airport,67.269203,14.3653,NO,Bodø,large_airport
BOR,Bokeo International Airport,20.323986,100.165392,LA,Ton Phueng,medium_airport
BOS,Boston Logan International Airport,42.36197,-71.0079,US,Boston,large_airport
BOY,Bobo Dioulasso Airport,11.1601,-4.33097,BF,Bobo Dioulasso,large_airport
BPE,Qinhuangdao Beidaihe Airport,39.666384,119.061384,CN,Qinhuangdao (Changli),medium_airport
BPL,Bole Alashankou Airport,44.895461,82.30007,CN,Bole,medium_airport
BPN,Sultan Aji Muhammad Sulaiman Sepinggan International Airport,-1.268342,116.89452,ID,Balikpapan,large_airport
BPS,Porto Seguro International Airport,-16.438426,-39.080584,BR,Porto Seguro,large_airport
BPT,Jack Brooks Regional Airport,29.9508,-94.020699,US,Beaumont/Port Arthur,medium_airport
BPX,Qamdo Bangda Airport,30.553600311279297,97.1082992553711,CN,Bangda,medium_airport
BPY,Besalampy Airport,-16.74453,44.482484,MG,Besalampy,medium_airport
BQK,Brunswick Golden Isles Airport,31.258801,-81.466499,US,Brunswick,medium_airport
BQL,Boulia Airport,-22.913299560546875,139.89999389648438,AU,,medium_airport
BQN,Rafael Hernández International Airport,18.4949,-67.129402,PR,Aguadilla,medium_airport
BQS,Ignatyevo Airport,50.426723,127.415502,RU,Blagoveschensk,medium_airport
BQT,Brest International Airport,52.108138,23.89676,BY,Brest,large_airport
BQU,J F Mitchell Airport,12.9884,-61.262001,VC,Bequia,medium_airport
BRC,Teniente Luis Candelaria International Airport,-41.151199,-71.157501,AR,San Carlos de Bariloche,large_airport
BRD,Brainerd Lakes Regional Airport,46.402861,-94.129727,US,Brainerd,medium_airport
BRE,Bremen Airport,53.046786,8.78932,DE,Bremen,large_airport
BRI,Bari Karol Wojtyła International Airport,41.138901,16.760599,IT,Bari,large_airport
BRK,Bourke Airport,-30.039199829101562,145.95199584960938,AU,,medium_airport
BRL,Southeast Iowa Regional Airport,40.783199310302734,-91.12550354003906,US,Burlington,medium_airport
BRM,Jacinto Lara International Airport,10.042747,-69.35862,VE,Barquisimeto,large_airport
BRN,Bern Airport,46.912736,7.498819,CH,Bern,medium_airport
BRO,Brownsville South Padre Island International Airport,25.907238,-97.425235,US,Brownsville,medium_airport
BRQ,Brno-Tuřany Airport,49.151276,16.693972,CZ,Brno,medium_airport
BRR,Barra Airport,57.0228,-7.44306,GB,Eoligarry,medium_airport
BRS,Bristol Airport,51.382326,-2.716453,GB,Bristol,large_airport
BRU,Brussels Airport,50.901402,4.48444,BE,Zaventem,large_airport
BRW,Wiley Post Will Rogers Memorial Airport,71.285402,-156.766008,US,Utqiaġvik,medium_airport
BRX,Maria Montez International Airport,18.25149917602539,-71.12039947509766,DO,Barahona,medium_airport
BSA,Bender Qassim International Airport,11.275235,49.139231,SO,Bosaso,large_airport
BSB,Presidente Juscelino Kubitschek International Airport,-15.869167,-47.920834,BR,Brasília,large_airport
BSC,José Celestino Mutis Airport,6.20292,-77.3947,CO,Bahía Solano,medium_airport
BSD,Baoshan Yunrui Airport,25.053301,99.168297,CN,Baoshan (Longyang),medium_airport
BSG,Bata International Airport,1.90547,9.80568,GQ,Bata,large_airport
BSK,Biskra - Mohamed Khider Airport,34.79318,5.738899,DZ,Biskra,large_airport
BSL,EuroAirport Basel–Mulhouse–Freiburg,47.60068,7.521117,FR,Bâle / Mulhouse,large_airport
BSO,Basco Airport,20.4513,121.980003,PH,Basco,medium_airport
BSR,Basra International Airport,30.549101,47.662102,IQ,Basra,large_airport
BSZ,Manas International Airport,43.061298,74.4776,KG,Bishkek,large_airport
BTC,Batticaloa International Airport,7.705073,81.677163,LK,Batticaloa,medium_airport
BTH,Hang Nadim International Airport,1.12103,104.119003,ID,Batam,large_airport
BTI,Barter Island Long Range Radar Station Airport,70.134003,-143.582001,US,Barter Island,medium_airport
BTJ,Sultan Iskandar Muda International Airport,5.525087,95.41997,ID,Banda Aceh,large_airport
BTK,Bratsk Airport,56.3696,101.701822,RU,Bratsk,medium_airport
BTM,Bert Mooney Airport,45.95479965209961,-112.49700164794922,US,Butte,medium_airport
BTR,Baton Rouge Metropolitan Airport,30.533199,-91.149597,US,Baton Rouge,medium_airport
BTS,M. R. Štefánik Airport,48.1702,17.2127,SK,Bratislava,large_airport
BTU,Bintulu Airport,3.12385010719,113.019996643,MY,Bintulu,medium_airport
BTV,Patrick Leahy Burlington International Airport,44.471901,-73.153297,US,Burlington,medium_airport
BUA,Buka Airport,-5.422299,154.672698,PG,Buka Island,medium_airport
BUD,Budapest Liszt Ferenc International Airport,47.43018,19.262393,HU,Budapest,large_airport
BUF,Buffalo Niagara International Airport,42.940498,-78.732201,US,Buffalo,large_airport
BUN,Gerardo Tobar López Airport,3.81963,-76.9898,CO,Buenaventura,medium_airport
BUQ,Joshua Mqabuko Nkomo International Airport,-20.016284,28.622897,ZW,Bulawayo,large_airport
BUR,Hollywood Burbank/Bob Hope Airport,34.202834,-118.35805,US,Burbank,large_airport
BUS,Alexander Kartveli Batumi International Airport,41.60939,41.600315,GE,Batumi,large_airport
BUX,Bunia Airport,1.565743,30.220685,CD,Bunia,medium_airport
BUZ,Bushehr Airport,28.9447994232,50.8345985413,IR,Bushehr,medium_airport
BVA,Beauvais-Tillé airport,49.454399,2.11278,FR,Beauvais,large_airport
BVB,Atlas Brasil Cantanhede International Airport,2.84615,-60.690648,BR,Boa Vista,large_airport
BVC,Aristides Pereira International Airport,16.136499,-22.888901,CV,Rabil,large_airport
BVE,Brive Souillac airport,45.039722,1.485556,FR,Brive,medium_airport
BVG,Berlevåg Airport,70.871517,29.034097,NO,Berlevåg,medium_airport
BVH,Brigadeiro Camarão Airport,-12.6944,-60.098301,BR,Vilhena,medium_airport
BVI,Birdsville Airport,-25.897499084472656,139.34800720214844,AU,,medium_airport
BVJ,Bovanenkovo Airport,70.315278,68.333611,RU,Bovanenkovo,medium_airport
BWA,Gautam Buddha International Airport,27.504636,83.410381,NP,Siddharthanagar (Bhairahawa),large_airport
BWI,Baltimore/Washington International Thurgood Marshall Airport,39.1754,-76.668297,US,Baltimore,large_airport
BWK,Brač Airport,43.284454,16.678362,HR,Gornji Humac,medium_airport
BWN,Brunei International Airport,4.9442,114.928001,BN,Bandar Seri Begawan,large_airport
BWO,Balakovo Airport,51.858299,47.745602,RU,Balakovo,medium_airport
BWT,Wynyard Airport,-40.997039,145.726,AU,Burnie,medium_airport
BXH,Balkhash Airport,46.894246,75.004533,KZ,Balkhash,medium_airport
BXR,Bam Airport,29.0842,58.450001,IR,Bam,medium_airport
BXU,Bancasi Airport,8.9515,125.4788,PH,Butuan,medium_airport
BXY,Baikonur Krayniy International Airport,45.621994,63.210773,KZ,Baikonur,large_airport
BYK,Bouaké Airport,7.7388,-5.07367,CI,Bouaké,medium_airport
BYM,Carlos Manuel de Cespedes Airport,20.3964,-76.621399,CU,Bayamo,medium_airport
BYN,Bayankhongor Airport,46.1633,100.704002,MN,Bayankhongor,medium_airport
BZE,Philip S. W. Goldson International Airport,17.539951,-88.303556,BZ,Belize City,large_airport
BZG,Ignacy Jan Paderewski Bydgoszcz Airport,53.096802,17.977699,PL,Bydgoszcz,medium_airport
BZI,Balıkesir Airport,39.619301,27.926001,TR,Balıkesir,medium_airport
BZL,Barisal Airport,22.801001,90.301201,BD,Barisal,medium_airport
BZN,Bozeman Yellowstone International Airport,45.778853,-111.153711,US,Bozeman,medium_airport
BZO,Bolzano Airport,46.459245,11.326125,IT,Bolzano (BZ),medium_airport
BZR,Béziers Vias airport,43.323502,3.3539,FR,Béziers,medium_airport
BZV,Maya-Maya International Airport,-4.2517,15.253,CG,Brazzaville,large_airport
BZX,Bazhong Enyang Airport,31.73842,106.644872,CN,Bazhong,medium_airport
CAB,Cabinda Airport,-5.59839,12.188145,AO,Cabinda,medium_airport
CAC,Coronel Adalberto Mendes da Silva Airport,-25.000323,-53.501208,BR,Cascavel,medium_airport
CAE,Columbia Metropolitan Airport,33.938172,-81.123022,US,Columbia,medium_airport
CAG,Cagliari Elmas Airport,39.251499,9.05428,IT,Cagliari,large_airport
CAH,Cà Mau Airport,9.177667,105.177778,VN,Ca Mau City,medium_airport
CAI,Cairo International Airport,30.111534,31.396694,EG,Cairo,large_airport
CAJ,Canaima Airport,6.231989,-62.85485,VE,Canaima,medium_airport
CAK,Akron Canton Regional Airport,40.916099548339844,-81.44219970703125,US,Akron,medium_airport
CAL,Campbeltown Airport,55.437199,-5.68639,GB,Campbeltown,medium_airport
CAN,Guangzhou Baiyun International Airport,23.392401,113.299004,CN,Guangzhou (Huadu),large_airport
CAP,Cap Haitien International Airport,19.725547,-72.20071,HT,Cap Haitien,large_airport
CAT,Cascais Airport,38.724998,-9.35523,PT,Cascais,medium_airport
CAW,Bartolomeu Lisandro Airport,-21.698299,-41.301701,BR,Campos dos Goytacazes,medium_airport
CAY,Cayenne – Félix Eboué Airport,4.819964,-52.361326,GF,Matoury,large_airport
CAZ,Cobar Airport,-31.538299560546875,145.79400634765625,AU,,medium_airport
CBB,Jorge Wilsterman International Airport,-17.421105,-66.177102,BO,Cochabamba,large_airport
CBH,Béchar Boudghene Ben Ali Lotfi Airport,31.645700454711914,-2.269860029220581,DZ,Béchar,medium_airport
CBO,Cotabato (Awang) Airport,7.164753,124.209938,PH,Datu Odin Sinsuat,medium_airport
CBQ,Margaret Ekpo International Airport,4.976019859313965,8.347200393676758,NG,Calabar,medium_airport
CBR,Canberra Airport,-35.3069,149.195007,AU,Canberra,medium_airport
CBT,Catumbela Airport,-12.4792,13.4869,AO,Catumbela,medium_airport
CCC,Jardines Del Rey Airport,22.461000442499998,-78.32839965820001,CU,Cayo Coco,medium_airport
CCE,Capital International Airport,30.06465,31.839974,EG,New Cairo,medium_airport
CCF,Carcassonne Salvaza Airport,43.216,2.30632,FR,Carcassonne,medium_airport
CCJ,Calicut International Airport,11.135996,75.955152,IN,Calicut,large_airport
CCK,Cocos (Keeling) Islands Airport,-12.192218,96.834103,CC,West Island,large_airport
CCP,Carriel Sur International Airport,-36.77235,-73.062828,CL,Concepcion,large_airport
CCR,Buchanan Field,37.9897,-122.056999,US,Concord,medium_airport
CCS,Maiquetía Simón Bolívar International Airport,10.602214,-66.991174,VE,Maiquetía,large_airport
CCU,Netaji Subhash Chandra Bose International Airport,22.654012,88.44765,IN,Kolkata,large_airport
CCZ,Chub Cay Airport,25.417101,-77.880898,BS,Chub Cay,medium_airport
CDB,Cold Bay Airport,55.207871,-162.725029,US,Cold Bay,medium_airport
CDC,Cedar City Regional Airport,37.70100021362305,-113.0989990234375,US,Cedar City,medium_airport
CDE,Chengde Puning Airport,41.1225,118.073889,CN,Chengde,medium_airport
CDG,Charles de Gaulle International Airport,49.00896,2.554117,FR,"Paris (Roissy-en-France, Val-d'Oise)",large_airport
CDP,Kadapa Airport,14.513154,78.769183,IN,Kadapa,medium_airport
CDR,Chadron Municipal Airport,42.837601,-103.095001,US,Chadron,medium_airport
CDT,Castellón-Costa Azahar Airport,40.213889,0.073333,ES,Castellón de la Plana,medium_airport
CDV,Merle K (Mudhole) Smith Airport,60.491798,-145.477997,US,Cordova,medium_airport
CEB,Mactan Cebu International Airport,10.309261,123.97974,PH,Cebu City/Lapu-Lapu City,large_airport
CEC,Jack Mc Namara Field Airport,41.778929,-124.236403,US,Crescent City,medium_airport
CED,Ceduna Airport,-32.13059997558594,133.7100067138672,AU,,medium_airport
CEE,Cherepovets Airport,59.273601532,38.015800476100004,RU,Cherepovets,medium_airport
CEI,Mae Fah Luang - Chiang Rai International Airport,19.952299,99.882896,TH,Chiang Rai,large_airport
CEK,Kurchatov Chelyabinsk International Airport,55.303141,61.504927,RU,Chelyabinsk,large_airport
CEN,Ciudad Obregón International Airport,27.39259910583496,-109.83300018310547,MX,Ciudad Obregón,medium_airport
CEZ,Cortez Municipal Airport,37.303001,-108.627998,US,Cortez,medium_airport
CFE,Clermont-Ferrand Auvergne airport,45.786701,3.16917,FR,Clermont-Ferrand,large_airport
CFG,Jaime Gonzalez Airport,22.149999618530273,-80.41419982910156,CU,Cienfuegos,medium_airport
CFK,Chlef Aboubakr Belkaid International Airport,36.216614,1.341114,DZ,Chlef,large_airport
CFN,Donegal Airport,55.0442008972168,-8.340999603271484,IE,Donegal,medium_airport
CFR,Caen Carpiquet airport,49.17678,-0.454883,FR,Caen,medium_airport
CFS,Coffs Harbour Airport,-30.320601,153.115997,AU,Coffs Harbour,medium_airport
CFU,Corfu Ioannis Kapodistrias International Airport,39.60145,19.912179,GR,Kerkyra (Corfu),large_airport
CGB,Várzea Grande–Marechal Rondon International Airport,-15.6529,-56.116699,BR,Cuiabá,large_airport
CGD,Changde Taohuayuan Airport,28.9189,111.639999,CN,Changde (Dingcheng),medium_airport
CGH,Congonhas–Deputado Freitas Nobre Airport,-23.627657,-46.654601,BR,São Paulo,large_airport
CGI,Cape Girardeau Regional Airport,37.2253,-89.570801,US,Cape Girardeau,medium_airport
CGK,Soekarno-Hatta International Airport,-6.12557,106.655998,ID,Jakarta,large_airport
CGM,Camiguin Airport,9.253894,124.709115,PH,Mambajao,medium_airport
CGN,Cologne Bonn Airport,50.865898,7.14274,DE,Köln (Cologne),large_airport
CGO,Zhengzhou Xinzheng International Airport,34.526497,113.849165,CN,Zhengzhou,large_airport
CGP,Shah Amanat International Airport,22.249599,91.813301,BD,Chattogram (Chittagong),large_airport
CGQ,Changchun Longjia International Airport,43.996201,125.684998,CN,Changchun,large_airport
CGR,Campo Grande Airport,-20.469998,-54.673988,BR,Campo Grande,medium_airport
CGY,Laguindingan International Airport,8.612203,124.456496,PH,Laguindingan,large_airport
CHA,Chattanooga Metropolitan Airport (Lovell Field),35.035301,-85.203796,US,Chattanooga,medium_airport
CHC,Christchurch International Airport,-43.489029,172.532065,NZ,Christchurch,large_airport
CHG,Chaoyang Airport,41.538101,120.434998,CN,"Shuangta, Chaoyang",medium_airport
CHH,Chachapoyas Airport,-6.201911,-77.856195,PE,Chachapoyas,medium_airport
CHM,FAP Lieutenant Jaime Andres de Montreuil Morales Airport,-9.14961,-78.523804,PE,Chimbote,medium_airport
CHO,Charlottesville Albemarle Airport,38.13859939575195,-78.4529037475586,US,Charlottesville,medium_airport
CHQ,Chania International Airport,35.531207,24.150673,GR,Souda,large_airport
CHS,Charleston International Airport,32.896159,-80.038151,US,Charleston,large_airport
CHT,Inia William Tuuta Memorial Airport,-43.81189,-176.46514,NZ,Te One,medium_airport
CHX,Changuinola Captain Manuel Niño International Airport,9.458962,-82.515062,PA,Changuinola,medium_airport
CIA,Ciampino–G. B. Pastine International Airport,41.798769,12.595331,IT,Rome,large_airport
CID,The Eastern Iowa Airport,41.884701,-91.7108,US,Cedar Rapids,medium_airport
CIF,Chifeng Yulong Airport,42.159723,118.840971,CN,Chifeng,medium_airport
CIJ,Capitán Aníbal Arab Airport,-11.039109,-68.782774,BO,Cobija,medium_airport
CIT,Shymkent International Airport,42.365021,69.47564,KZ,Shymkent,large_airport
CIU,Chippewa County International Airport,46.242038,-84.462082,US,Kincheloe,medium_airport
CIW,Canouan Airport,12.699,-61.3424,VC,Canouan,medium_airport
CIX,Capitán FAP José A. Quiñones González International Airport,-6.789223,-79.828254,PE,Chiclayo,large_airport
CIY,Comiso Airport,36.99583,14.60889,IT,Comiso,medium_airport
CJA,Mayor General FAP Armando Revoredo Iglesias Airport,-7.13918,-78.489403,PE,Cajamarca,medium_airport
CJB,Coimbatore International Airport,11.03,77.043404,IN,Coimbatore,large_airport
CJC,El Loa Airport,-22.498199,-68.903603,CL,Calama,medium_airport
CJJ,Cheongju International Airport/Cheongju Air Base (K-59/G-513),36.71556,127.500289,KR,Cheongju,large_airport
CJL,Chitral Airport,35.886213,71.799922,PK,Chitral,medium_airport
CJM,Chumphon Airport,10.7112,99.361702,TH,Chumphon,medium_airport
CJS,Abraham González International Airport,31.636673,-106.428533,MX,Ciudad Juárez,large_airport
CJU,Jeju International Airport,33.512058,126.492548,KR,Jeju City,large_airport
CKB,North Central West Virginia Airport,39.2966,-80.228104,US,Bridgeport,medium_airport
CKG,Chongqing Jiangbei International Airport,29.712254,106.651895,CN,Chongqing,large_airport
CKH,Chokurdakh Airport,70.6231,147.901993,RU,Chokurdah,medium_airport
CKS,Carajás Airport,-6.117841,-50.003372,BR,Parauapebas,medium_airport
CKY,Ahmed Sékou Touré International Airport,9.57689,-13.612,GN,Conakry,large_airport
CKZ,Çanakkale Airport,40.1376991272,26.4267997742,TR,Çanakkale,medium_airport
CLD,McClellan-Palomar Airport,33.1283,-117.279999,US,Carlsbad,medium_airport
CLE,Cleveland Hopkins International Airport,41.411701,-81.8498,US,Cleveland,large_airport
CLJ,Avram Iancu Cluj International Airport,46.786042,23.685733,RO,Cluj-Napoca,large_airport
CLL,Easterwood Field,30.5886,-96.3638,US,College Station,medium_airport
CLO,Alfonso Bonilla Aragon International Airport,3.542717,-76.381898,CO,Cali,large_airport
CLQ,Licenciado Miguel de la Madrid International Airport,19.277,-103.577002,MX,Colima,medium_airport
CLT,Charlotte Douglas International Airport,35.2140007019043,-80.94309997558594,US,Charlotte,large_airport
CLY,Calvi Sainte Catherine Airport,42.530422,8.792984,FR,Calvi,medium_airport
CMA,Cunnamulla Airport,-28.030000686645508,145.6219940185547,AU,,medium_airport
CMB,Bandaranaike International Colombo Airport,7.180759906768799,79.88410186767578,LK,Colombo,large_airport
CME,Ciudad del Carmen International Airport,18.651516,-91.799355,MX,Ciudad del Carmen,medium_airport
CMF,Chambéry Aix les Bains airport,45.6381,5.88023,FR,Chambéry,medium_airport
CMG,Corumbá International Airport,-19.01193,-57.672772,BR,Corumbá,medium_airport
CMH,John Glenn Columbus International Airport,39.998001,-82.891899,US,Columbus,large_airport
CMI,University of Illinois Willard Airport,40.039819,-88.276249,US,Savoy,medium_airport
CMN,Mohammed V International Airport,33.3675,-7.58997,MA,Casablanca,large_airport
CMU,Chimbu Airport,-6.024290084838867,144.9709930419922,PG,Kundiawa,medium_airport
CMW,Ignacio Agramonte International Airport,21.419909,-77.848039,CU,Camaguey,large_airport
CMX,Houghton County Memorial Airport,47.168399810791016,-88.48909759521484,US,Hancock,medium_airport
CNB,Coonamble Airport,-30.980946,148.377833,AU,,medium_airport
CND,Mihail Kogălniceanu International Airport,44.362202,28.4883,RO,Constanța,large_airport
CNF,Tancredo Neves International Airport,-19.63571,-43.966928,BR,Belo Horizonte,large_airport
CNJ,Cloncurry Airport,-20.668600082399998,140.503997803,AU,Cloncurry,medium_airport
CNM,Cavern City Air Terminal,32.337501525878906,-104.26300048828125,US,Carlsbad,medium_airport
CNN,Kannur International Airport,11.916343,75.544979,IN,Kannur,large_airport
CNP,Neerlerit Inaat Airport,70.743103,-22.650499,GL,Neerlerit Inaat,medium_airport
CNQ,Corrientes Airport,-27.4455,-58.7619,AR,Corrientes,medium_airport
CNS,Cairns International Airport,-16.878921,145.74948,AU,Cairns,large_airport
CNX,Chiang Mai International Airport,18.766799926799997,98.962600708,TH,Chiang Mai,large_airport
CNY,Canyonlands Regional Airport,38.755001,-109.754997,US,Moab,medium_airport
COD,Yellowstone Regional Airport,44.520199,-109.024002,US,Cody,medium_airport
COK,Cochin International Airport,10.151047,76.400838,IN,Kochi,large_airport
COO,Cotonou Cadjehoun International Airport,6.35723,2.38435,BJ,Cotonou,large_airport
COQ,Choibalsan Airport,48.135381,114.647231,MN,,medium_airport
COR,Ingeniero Aeronáutico Ambrosio L.V. Taravella International Airport,-31.312346,-64.208329,AR,Cordoba,large_airport
COS,City of Colorado Springs Municipal Airport,38.805801,-104.700996,US,Colorado Springs,large_airport
COU,Columbia Regional Airport,38.8181,-92.219597,US,Columbia,medium_airport
COV,Çukurova International Airport,36.891478,35.071235,TR,Tarsus,large_airport
CPC,Aviador C. Campos Airport,-40.075401,-71.137299,AR,Chapelco/San Martin de los Andes,medium_airport
CPD,Coober Pedy Airport,-29.038312,134.722166,AU,Coober Pedy,medium_airport
CPE,Ingeniero Alberto Acuña Ongay International Airport,19.815969,-90.500125,MX,Campeche,medium_airport
CPH,Copenhagen Kastrup Airport,55.617900848389,12.656000137329,DK,Copenhagen,large_airport
CPO,Desierto de Atacama Airport,-27.2612,-70.779198,CL,Copiapo,medium_airport
CPR,Casper-Natrona County International Airport,42.907381,-106.461609,US,Casper,medium_airport
CPT,Cape Town International Airport,-33.97403,18.604333,ZA,Cape Town,large_airport
CPV,Presidente João Suassuna Airport,-7.269662,-35.896057,BR,Campina Grande,medium_airport
CPX,Benjamin Rivera Noriega Airport,18.312954,-65.303893,PR,Culebra,medium_airport
CQW,Chongqing Xiannüshan Airport,29.465658,107.693664,CN,Wulong,medium_airport
CRA,Craiova International Airport,44.3181,23.888599,RO,Craiova,large_airport
CRD,General Enrique Mosconi International Airport,-45.786941,-67.463355,AR,Comodoro Rivadavia,large_airport
CRI,Colonel Hill Airport,22.7456,-74.182404,BS,Colonel Hill,medium_airport
CRK,Clark International Airport / Clark Air Base,15.186,120.559998,PH,Mabalacat,large_airport
CRL,Brussels South Charleroi Airport,50.461963,4.459562,BE,Charleroi,large_airport
CRM,Catarman National Airport,12.50161,124.635258,PH,Catarman,medium_airport
CRP,Corpus Christi International Airport,27.770399,-97.501198,US,Corpus Christi,medium_airport
CRV,Crotone Sant'Anna Pythagoras Airport,38.9972,17.0802,IT,Isola di Capo Rizzuto (KR),medium_airport
CRW,Yeager Airport,38.3731,-81.593201,US,Charleston,medium_airport
CRZ,Türkmenabat International Airport,38.930662,63.563982,TM,Türkmenabat,large_airport
CSG,Columbus Airport,32.516415,-84.939602,US,Columbus,medium_airport
CSK,Cap Skirring Airport,12.39533,-16.748,SN,Cap Skirring,medium_airport
CSW,Cabo San Lucas International Airport,22.949072,-109.939479,MX,Cabo San Lucas,medium_airport
CSX,Changsha Huanghua International Airport,28.189199,113.220001,CN,Changsha (Changsha),large_airport
CSY,Cheboksary Airport,56.090302,47.347301,RU,Cheboksary,medium_airport
CTA,Catania-Fontanarossa Airport,37.466801,15.0664,IT,Catania,large_airport
CTC,Coronel Felipe Varela International Airport,-28.593117,-65.7512,AR,Catamarca,medium_airport
CTD,Alonso Valderrama Airport,7.98784,-80.409837,PA,Chitré,medium_airport
CTG,Rafael Nuñez International Airport,10.4424,-75.513,CO,Cartagena,large_airport
CTL,Charleville Airport,-26.4132995605,146.261993408,AU,Charleville,medium_airport
CTM,Chetumal International Airport,18.504985,-88.328018,MX,Chetumal,medium_airport
CTN,Cooktown Airport,-15.443649,145.183221,AU,,medium_airport
CTS,New Chitose Airport,42.774753,141.690414,JP,Sapporo,large_airport
CTU,Chengdu Shuangliu International Airport,30.558257,103.945966,CN,Chengdu (Shuangliu),large_airport
CUC,Camilo Daza International Airport,7.92757,-72.5115,CO,Cúcuta,medium_airport
CUE,Mariscal Lamar Airport,-2.88947,-78.984398,EC,Cuenca,medium_airport
CUF,Cuneo International Airport,44.547458,7.623045,IT,Levaldigi (CN),medium_airport
CUK,Caye Caulker Airport,17.735015,-88.032862,BZ,Caye Caulker,medium_airport
CUL,Bachigualato Federal International Airport,24.76504,-107.475228,MX,Culiacán,large_airport
CUM,Antonio José de Sucre Airport,10.450333,-64.13047,VE,Cumaná,medium_airport
CUN,Cancún International Airport,21.040817,-86.87347,MX,Cancún,large_airport
CUP,General Francisco Bermúdez Airport,10.660014,-63.261681,VE,Carúpano,medium_airport
CUQ,Coen Airport,-13.761133,143.113311,AU,Coen,medium_airport
CUR,Hato International Airport,12.1889,-68.959801,CW,Willemstad,large_airport
CUU,General Roberto Fierro Villalobos International Airport,28.702649,-105.963764,MX,Chihuahua,large_airport
CUZ,Alejandro Velasco Astete International Airport,-13.535699844400002,-71.9387969971,PE,Cusco,large_airport
CVG,Cincinnati Northern Kentucky International Airport,39.048801,-84.667801,US,Cincinnati / Covington,large_airport
CVM,General Pedro Jose Mendez International Airport,23.7033,-98.956497,MX,Ciudad Victoria,medium_airport
CVN,Clovis Municipal Airport,34.426594,-103.078794,US,Clovis,medium_airport
CVQ,Carnarvon Airport,-24.884337,113.666393,AU,Carnarvon,medium_airport
CWA,Central Wisconsin Airport,44.777448,-89.670238,US,Mosinee,medium_airport
CWB,Curitiba-Afonso Pena International Airport,-25.5285,-49.1758,BR,Curitiba,large_airport
CWJ,Cangyuan Washan Airport,23.276331,99.373169,CN,Lincang (Cangyuan),medium_airport
CWL,Cardiff International Airport,51.396702,-3.34333,GB,Cardiff,large_airport
CXB,Cox's Bazar Airport,21.457517,91.963263,BD,Cox's Bazar,medium_airport
CXI,Cassidy International Airport,1.986278,-157.350011,KI,Kiritimati,large_airport
CXJ,Hugo Cantergiani Regional Airport,-29.197183,-51.187647,BR,Caxias Do Sul,medium_airport
CXP,Tunggul Wulung Airport,-7.64506,109.033997,ID,Cilacap,medium_airport
CXR,Cam Ranh International Airport / Cam Ranh Air Base,11.9982,109.219002,VN,Nha Trang/nha Trang aiurportCam Ranh,large_airport
CYA,Antoine-Simon International Airport,18.271099,-73.7883,HT,Les Cayes,medium_airport
CYB,Charles Kirkconnell International Airport,19.687,-79.882797,KY,West End,medium_airport
CYC,Caye Chapel Airport,17.683792,-88.044985,BZ,Caye Chapel,medium_airport
CYI,Chiayi Airport,23.462577,120.390544,TW,Shuishang,medium_airport
CYO,Vilo Acuña International Airport,21.6165008545,-81.5459976196,CU,Cayo Largo del Sur,medium_airport
CYP,Calbayog Airport,12.072574,124.54508,PH,Calbayog City,medium_airport
CYS,Cheyenne Regional Jerry Olson Field,41.155701,-104.811997,US,Cheyenne,medium_airport
CYX,Cherskiy Airport,68.740601,161.337997,RU,Cherskiy,medium_airport
CYZ,Cauayan Airport,16.9298992157,121.752998352,PH,Cauayan City,medium_airport
CZE,José Leonardo Chirinos Airport,11.414944,-69.680901,VE,Coro,medium_airport
CZH,Corozal Airport,18.3822,-88.411903,BZ,Corozal,medium_airport
CZL,Mohamed Boudiaf International Airport,36.276001,6.62039,DZ,Constantine,large_airport
CZM,Cozumel International Airport,20.514922,-86.928538,MX,Cozumel,large_airport
CZS,Cruzeiro do Sul Airport,-7.59991,-72.769501,BR,Cruzeiro Do Sul,medium_airport
CZU,Las Brujas Airport,9.33274,-75.2856,CO,Corozal,medium_airport
CZX,Changzhou Benniu International Airport,31.920485,119.77546,CN,Changzhou,medium_airport
DAB,Daytona Beach International Airport,29.18255,-81.059464,US,Daytona Beach,medium_airport
DAC,Hazrat Shahjalal International Airport,23.843347,90.397783,BD,Dhaka,large_airport
DAD,Da Nang International Airport,16.0439,108.198997,VN,Da Nang,large_airport
DAL,Dallas Love Field,32.844776,-96.847653,US,Dallas,large_airport
DAM,Damascus International Airport,33.4114990234375,36.51559829711914,SY,Damascus,large_airport
DAR,Julius Nyerere International Airport,-6.873499,39.207288,TZ,Dar es Salaam,large_airport
DAT,Datong Yungang International Airport,40.06139,113.480509,CN,Datong,large_airport
DAU,Daru Airport,-9.08676,143.207993,PG,Daru,medium_airport
DAV,Enrique Malek International Airport,8.388983,-82.436425,PA,David,medium_airport
DAY,James M. Cox Dayton International Airport,39.902401,-84.219398,US,Dayton,medium_airport
DBB,El Alamein International Airport,30.924324,28.46161,EG,El Alamein,large_airport
DBC,Baicheng Chang'an Airport,45.505278,123.019722,CN,Baicheng,medium_airport
DBO,Dubbo City Regional Airport,-32.2167015076,148.574996948,AU,Dubbo,medium_airport
DBQ,Dubuque Regional Airport,42.402,-90.709503,US,Dubuque,medium_airport
DBR,Darbhanga Airport,26.192801,85.916901,IN,Darbhanga,medium_airport
DBV,Dubrovnik Ruđer Bošković Airport,42.562247,18.265543,HR,Dubrovnik,large_airport
DCA,Ronald Reagan Washington National Airport,38.8521,-77.037697,US,Washington,large_airport
DCF,Canefield Airport,15.336693,-61.392108,DM,Canefield,medium_airport
DCM,Castres Mazamet Airport,43.556301,2.28918,FR,Castres,medium_airport
DCY,Daocheng Yading Airport,29.31632,100.060317,CN,Garzê (Daocheng),medium_airport
DDC,Dodge City Regional Airport,37.76340103149414,-99.9655990600586,US,Dodge City,medium_airport
DDG,Dandong Langtou International Airport,40.025453,124.28669,CN,Dandong (Zhenxing),medium_airport
DDR,Shigatse Tingri Airport,28.604567,86.798,CN,Xigazê (Dingri),medium_airport
DEA,Dera Ghazi Khan Airport,29.961000442504883,70.48590087890625,PK,Dera Ghazi Khan,medium_airport
DEB,Debrecen International Airport,47.489469,21.616278,HU,Debrecen,large_airport
DEC,Decatur Airport,39.834598541259766,-88.8656997680664,US,Decatur,medium_airport
DED,Dehradun Jolly Grant Airport,30.189243,78.176651,IN,Dehradun (Jauligrant),medium_airport
DEF,Dezful Airport,32.434399,48.397598,IR,Dezful,medium_airport
DEL,Indira Gandhi International Airport,28.55563,77.09519,IN,New Delhi,large_airport
DEN,Denver International Airport,39.860027,-104.673792,US,Denver,large_airport
DFW,Dallas Fort Worth International Airport,32.896801,-97.038002,US,Dallas-Fort Worth,large_airport
DGA,Dangriga Airport,16.98251,-88.230988,BZ,Dangriga,medium_airport
DGO,General Guadalupe Victoria International Airport,24.125468,-104.527938,MX,Durango,medium_airport
DGT,Sibulan Airport,9.334183,123.30191,PH,Dumaguete City,medium_airport
DHM,Kangra Airport,32.164902,76.263018,IN,Kangra,medium_airport
DHN,Dothan Regional Airport,31.321300506591797,-85.44960021972656,US,Dothan,medium_airport
DHX,Dhoho International Airport,-7.749527,111.946831,ID,Kediri,medium_airport
DIA,Doha International Airport,25.259431,51.565528,QA,Doha,large_airport
DIB,Dibrugarh Airport,27.4839000702,95.0168991089,IN,Dibrugarh,medium_airport
DIE,Arrachart Airport,-12.3494,49.291698,MG,Antisiranana,medium_airport
DIG,Diqing Shangri-La Airport,27.7936,99.6772,CN,Diqing (Shangri-La),medium_airport
DIK,Dickinson Theodore Roosevelt Regional Airport,46.797533,-102.801905,US,Dickinson,medium_airport
DIL,Presidente Nicolau Lobato International Airport,-8.546562,125.524507,TL,Dili,large_airport
DIN,Dien Bien Phu Airport,21.3974990845,103.008003235,VN,Dien Bien Phu,medium_airport
DIR,Aba Tenna Dejazmach Yilma International Airport,9.623549,41.855027,ET,Dire Dawa,large_airport
DIY,Diyarbakır Airport,37.893902,40.201,TR,Diyarbakır,medium_airport
DJE,Djerba Zarzis International Airport,33.873719,10.7773,TN,Mellita,large_airport
DJG,Tiska Djanet Airport,24.285448,9.463652,DZ,Djanet,large_airport
DJJ,Dortheys Hiyo Eluay International Airport,-2.579627,140.519857,ID,Sentani,large_airport
DJT,President Donald J. Trump International Airport,26.683201,-80.095596,US,West Palm Beach,large_airport
DKA,Umaru Musa Yar'adua Airport,13.0078,7.66045,NG,Katsina,medium_airport
DLA,Douala International Airport,4.00608,9.71948,CM,Douala,large_airport
DLC,Dalian Zhoushuizi International Airport,38.965719,121.538477,CN,Dalian (Ganjingzi),large_airport
DLE,Dole Tavaux Airport,47.038955,5.427589,FR,Dole,medium_airport
DLG,Dillingham Airport,59.04470062,-158.5050049,US,Dillingham,medium_airport
DLH,Duluth International Airport,46.841873,-92.198746,US,Duluth,medium_airport
DLI,Lien Khuong Airport,11.750556,108.366997,VN,Da Lat,medium_airport
DLM,Dalaman International Airport,36.7131,28.7925,TR,Dalaman,large_airport
DLU,Dali Fengyi Airport,25.649401,100.319,CN,Dali (Xiaguan),medium_airport
DLZ,Dalanzadgad Airport,43.608628,104.367734,MN,Dalanzadgad,medium_airport
DMB,Taraz International Airport,42.8536,71.303596,KZ,Taraz,large_airport
DME,Domodedovo International Airport,55.408798,37.9063,RU,Moscow,large_airport
DMK,Don Mueang International Airport,13.9126,100.607002,TH,Bangkok,large_airport
DMM,King Fahd International Airport,26.4691,49.798209,SA,Ad Dammam,large_airport
DMU,Dimapur Airport,25.883899688699998,93.77110290530001,IN,Dimapur,medium_airport
DND,Dundee Airport,56.452499,-3.02583,GB,Dundee,medium_airport
DNH,Dunhuang Mogao International Airport,40.161953,94.812827,CN,Dunhuang,large_airport
DNZ,Çardak Airport,37.7855987549,29.7012996674,TR,Denizli,medium_airport
DOD,Dodoma Airport,-6.170559,35.756036,TZ,Dodoma,medium_airport
DOG,Dongola Airport,19.153666,30.430069,SD,Dongola,medium_airport
DOH,Hamad International Airport,25.273056,51.608056,QA,Doha,large_airport
DOL,Deauville Normandie airport,49.365237,0.154481,FR,Deauville,medium_airport
DOM,Douglas-Charles Airport,15.546673,-61.301082,DM,Marigot,medium_airport
DOV,Dover Civil Air Terminal/Dover Air Force Base,39.129501,-75.466003,US,Dover,medium_airport
DOY,Dongying Shengli Airport,37.50137,118.789863,CN,Dongying (Kenli),medium_airport
DPL,Dipolog Airport,8.601983,123.341875,PH,Dipolog,medium_airport
DPO,Devonport Airport,-41.1697006226,146.429992676,AU,Devonport,medium_airport
DPS,Denpasar I Gusti Ngurah Rai International Airport,-8.748409,115.167123,ID,"Kuta, Badung",large_airport
DQM,Duqm International Airport,19.501944,57.634167,OM,Duqm,large_airport
DRG,Deering Airport,66.068901,-162.766914,US,Deering,medium_airport
DRO,Durango La Plata County Airport,37.151501,-107.753998,US,Durango,medium_airport
DRP,Bicol International Airport,13.111915,123.676829,PH,Legazpi,large_airport
DRS,Dresden Airport,51.134123,13.767831,DE,Dresden,large_airport
DRW,Darwin International Airport / RAAF Darwin,-12.41497,130.88185,AU,Darwin,large_airport
DSI,Destin Executive Airport,30.400101,-86.471497,US,Destin,medium_airport
DSM,Des Moines International Airport,41.534027,-93.656719,US,Des Moines,large_airport
DSN,Ordos Ejin Horo International Airport,39.493514,109.8599,CN,Ordos,large_airport
DSO,Sondok Airport,39.745201,127.473999,KP,Sŏndŏng-ni,medium_airport
DSS,Blaise Diagne International Airport,14.670878,-17.072829,SN,Dakar,large_airport
DSY,Dara Sakor International Airport,10.914244,103.226652,KH,Ta Noun,large_airport
DTM,Dortmund Airport,51.518299,7.61224,DE,Dortmund,large_airport
DTU,Wudalianchi Dedu Airport,48.441037,126.128374,CN,Heihe,medium_airport
DTW,Detroit Metropolitan Wayne County Airport,42.21377,-83.353786,US,Detroit,large_airport
DUB,Dublin Airport,53.428713,-6.262121,IE,Dublin,large_airport
DUD,Dunedin International Airport,-45.929017,170.197758,NZ,Dunedin,medium_airport
DUE,Dundo Airport,-7.400889873504639,20.818500518798828,AO,Chitato,medium_airport
DUJ,DuBois Regional Airport,41.17829895,-78.8986969,US,Dubois,medium_airport
DUM,Pinang Kampai Airport,1.609026,101.433493,ID,Dumai,medium_airport
DUR,King Shaka International Airport,-29.6144444444,31.1197222222,ZA,Durban,large_airport
DUS,Düsseldorf Airport,51.289501,6.76678,DE,Düsseldorf,large_airport
DUT,Tom Madsen (Dutch Harbor) Airport,53.89881,-166.544996,US,Unalaska,medium_airport
DVL,Devils Lake Regional Airport,48.115454,-98.908796,US,Devils Lake,medium_airport
DVO,Francisco Bangoy International Airport,7.12552,125.646004,PH,Davao,large_airport
DWC,Al Maktoum International Airport,24.896171,55.16235,AE,Dubai(Jebel Ali),large_airport
DWD,Dawadmi Domestic Airport,24.4499,44.121201,SA,Dawadmi,medium_airport
DXB,Dubai International Airport,25.24979,55.370992,AE,Dubai,large_airport
DXN,Noida International Airport,28.179868,77.611843,IN,Gautam Buddha Nagar,large_airport
DYG,Zhangjiajie Hehua International Airport,29.104749,110.442786,CN,Zhangjiajie (Yongding),large_airport
DYR,Ugolny Yuri Ryktheu Airport,64.734902,177.740997,RU,Anadyr,medium_airport
DYU,Dushanbe International Airport,38.543746,68.822977,TJ,Dushanbe,large_airport
DZA,Dzaoudzi Pamandzi International Airport,-12.809319,45.281815,YT,Dzaoudzi,large_airport
DZH,Dazhou Jinya Airport,31.048815,107.435646,CN,Dazhou (Dachuan),medium_airport
DZN,Zhezkazgan National Airport,47.708953,67.738094,KZ,Zhezkazgan,large_airport
EAM,Najran Domestic Airport,17.611401,44.419201,SA,Najran,medium_airport
EAR,Kearney Regional Airport,40.727001,-99.006798,US,Kearney,medium_airport
EAS,San Sebastián Airport,43.356499,-1.79061,ES,Hondarribia,medium_airport
EAT,Pangborn Memorial Airport,47.398899,-120.207001,US,Wenatchee,medium_airport
EAU,Chippewa Valley Regional Airport,44.86579895019531,-91.48429870605469,US,Eau Claire,medium_airport
EBA,Marina di Campo Airport,42.760871,10.239811,IT,Campo nell'Elba (LI),medium_airport
EBB,Entebbe International Airport,0.042386,32.443501,UG,Entebbe,large_airport
EBD,El-Obeid Airport,13.1532,30.2327,SD,El-Obeid,medium_airport
EBJ,Esbjerg Airport,55.525902,8.5534,DK,Esbjerg,medium_airport
EBL,Erbil International Airport,36.236047,43.946615,IQ,Arbil,large_airport
ECN,Ercan International Airport,35.153064,33.507352,CY,Tymbou (Kirklar),large_airport
ECP,Northwest Florida Beaches International Airport,30.357106,-85.795414,US,Panama City Beach,medium_airport
EDI,Edinburgh Airport,55.950145,-3.372288,GB,"Ingliston, Edinburgh",large_airport
EDL,Eldoret International Airport,0.404458,35.238899,KE,Eldoret,large_airport
EDO,Balıkesir Koca Seyit Airport,39.552533,27.010192,TR,Edremit,large_airport
EFL,Kefallinia Airport,38.12009811401367,20.500499725341797,GR,Kefallinia Island,medium_airport
EGC,Bergerac Dordogne-Périgord airport,44.825298,0.518611,FR,Bergerac,medium_airport
EGE,Eagle County Regional Airport,39.64260101,-106.9179993,US,Eagle,medium_airport
EGS,Egilsstaðir Airport,65.2833023071289,-14.401399612426758,IS,Egilsstaðir,medium_airport
EGX,Egegik Airport,58.184386,-157.374873,US,Egegik,medium_airport
EHU,Ezhou Huahu International Airport,30.341178,115.03926,CN,Ezhou,large_airport
EIE,Yeniseysk Airport,58.474201,92.112503,RU,Yeniseysk,medium_airport
EIN,Eindhoven Airport,51.4500999451,5.37452983856,NL,Eindhoven,large_airport
EIS,Terrance B. Lettsome International Airport,18.445492,-64.541707,VG,Beef Island,large_airport
EJA,Yariguíes Airport,7.02433,-73.8068,CO,Barrancabermeja,medium_airport
EJH,Al Wajh Domestic Airport,26.198601,36.476398,SA,Al Wajh,medium_airport
EKO,Elko Regional Airport,40.82490158081055,-115.79199981689453,US,Elko,medium_airport
ELC,Elcho Island Airport,-12.019399642899998,135.570999146,AU,Elcho Island,medium_airport
ELD,South Arkansas Regional Airport at Goodwin Field,33.221001,-92.813301,US,El Dorado,medium_airport
ELF,El Fasher Airport,13.614899635314941,25.324600219726562,SD,El Fasher,medium_airport
ELG,El Golea Airport,30.580732,2.861595,DZ,El Menia,medium_airport
ELH,North Eleuthera Airport,25.475823,-76.680784,BS,North Eleuthera,medium_airport
ELM,Elmira Corning Regional Airport,42.1599006652832,-76.8916015625,US,Elmira/Corning,medium_airport
ELP,El Paso International Airport,31.809908,-106.375607,US,El Paso,large_airport
ELQ,Prince Naif bin Abdulaziz International Airport,26.302799,43.774399,SA,Qassim,large_airport
ELS,King Phalo Airport,-33.035599,27.825899,ZA,East London,large_airport
ELU,Guemar Airport - مطار قمار بالوادي,33.511398,6.77679,DZ,Guemar,medium_airport
EMA,East Midlands Airport,52.8311,-1.32806,GB,"Nottingham, Leicestershire",large_airport
EMD,Emerald Airport,-23.5674991608,148.179000854,AU,Emerald,medium_airport
EMK,Emmonak Airport,62.78609848,-164.4909973,US,Emmonak,medium_airport
ENA,Kenai Municipal Airport,60.570946,-151.245174,US,Kenai,medium_airport
ENF,Enontekio Airport,68.362602233887,23.424299240112,FI,Enontekio,medium_airport
ENH,Enshi Xujiaping Airport,30.320299,109.485001,CN,Enshi (Enshi),medium_airport
ENO,Teniente Ramon A. Ayub Gonzalez International Airport,-27.227537,-55.837584,PY,Encarnación,large_airport
ENU,Akanu Ibiam International Airport,6.473718,7.560463,NG,Enegu,large_airport
ENY,Yan'an Nanniwan Airport,36.479413,109.464083,CN,Yan'an (Baota),medium_airport
EOH,Enrique Olaya Herrera Airport,6.219686,-75.590597,CO,Medellín,medium_airport
EOI,Eday Airport,59.19060134887695,-2.7722198963165283,GB,Eday,medium_airport
EPR,Esperance Airport,-33.684399,121.822998,AU,Esperance,medium_airport
EPU,Pärnu Airport,58.41899871826172,24.47279930114746,EE,Pärnu,medium_airport
EQS,Esquel Brigadier Antonio Parodi International Airport,-42.908001,-71.139503,AR,Esquel,medium_airport
ERC,Erzincan Airport,39.7102012634,39.527000427199994,TR,Erzincan,medium_airport
ERF,Erfurt-Weimar Airport,50.978281,10.960713,DE,Erfurt,large_airport
ERH,Moulay Ali Cherif Airport,31.9475002289,-4.39833021164,MA,Errachidia,medium_airport
ERI,Erie International Tom Ridge Field,42.083127,-80.173867,US,Erie,medium_airport
ERL,Erenhot Saiwusu International Airport,43.424079,112.091081,CN,Erenhot,medium_airport
ERS,Eros Airport,-22.60492,17.079002,NA,Windhoek,medium_airport
ERZ,Erzurum International Airport,39.956501,41.1702,TR,Erzurum,medium_airport
ESB,Esenboğa International Airport,40.128101,32.995098,TR,Ankara,large_airport
ESC,Delta County Airport,45.723199,-87.088623,US,Escanaba,medium_airport
ESD,Orcas Island Airport,48.708199,-122.910004,US,Eastsound,medium_airport
ESL,Elista Airport,46.373901,44.330898,RU,Elista,medium_airport
ESM,Carlos Concha Torres International Airport,0.978519,-79.626602,EC,Tachina,large_airport
ESR,Ricardo García Posada Airport,-26.3111,-69.765198,CL,El Salvador,medium_airport
ESU,Essaouira-Mogador Airport,31.397499,-9.68167,MA,Essaouira,medium_airport
ETM,Ramon International Airport,29.727009,35.014116,IL,Eilat,large_airport
ETR,Santa Rosa - Artillery Colonel Victor Larrea International Airport,-3.441986,-79.996957,EC,Santa Rosa,medium_airport
ETZ,Metz-Nancy-Lorraine Airport,48.982101,6.25132,FR,Goin,medium_airport
EUG,Eugene Airport,44.124599,-123.211998,US,Eugene,medium_airport
EUN,Laayoune Hassan I International Airport,27.142467,-13.224947,EH,El Aaiún,large_airport
EUX,F. D. Roosevelt Airport,17.4965,-62.979401,BQ,Oranjestad,medium_airport
EVE,Harstad/Narvik Airport,68.491302,16.678101,NO,Evenes,large_airport
EVN,Zvartnots International Airport,40.148941,44.397887,AM,Yerevan,large_airport
EVV,Evansville Regional Airport,38.0369987488,-87.5324020386,US,Evansville,medium_airport
EWB,New Bedford Regional Airport,41.67610168457031,-70.95690155029297,US,New Bedford,medium_airport
EWN,Coastal Carolina Regional Airport,35.0730018616,-77.04290008539999,US,New Bern,medium_airport
EWR,Newark Liberty International Airport,40.6894,-74.170545,US,Newark,large_airport
EXT,Exeter International Airport,50.734261,-3.413984,GB,"Exeter, Devon",medium_airport
EYK,Beloyarskiy Airport,63.686901,66.698601,RU,,medium_airport
EYP,El Alcaravan - Yopal Airport,5.31911,-72.384,CO,Yopal,medium_airport
EYW,Key West International Airport,24.556119,-81.759579,US,Key West,medium_airport
EZE,Ezeiza International Airport - Ministro Pistarini,-34.8222,-58.5358,AR,Buenos Aires (Ezeiza),large_airport
EZS,Elazığ Airport,38.597974,39.28348,TR,Elazığ,medium_airport
FAE,Vágar Airport,62.063256,-7.275782,FO,Vágar,large_airport
FAI,Fairbanks International Airport,64.815102,-147.856003,US,Fairbanks,medium_airport
FAO,Faro - Gago Coutinho International Airport,37.015909,-7.970939,PT,Faro,large_airport
FAR,Hector International Airport,46.9207,-96.815804,US,Fargo,medium_airport
FAT,Fresno Yosemite International Airport,36.775767,-119.718018,US,Fresno,large_airport
FAV,Fakarava Airport,-16.054100036621094,-145.65699768066406,PF,,medium_airport
FAY,Fayetteville Regional Airport - Grannis Field,34.991199,-78.880302,US,Fayetteville,medium_airport
FBM,Lubumbashi International Airport,-11.591494,27.530753,CD,Lubumbashi,large_airport
FCA,Glacier Park International Airport,48.310501,-114.255997,US,Kalispell,medium_airport
FCN,Sea-Airport Cuxhaven/Nordholz / Nordholz Naval Airbase,53.767689,8.659201,DE,Wurster Nordseeküste,medium_airport
FCO,Rome–Fiumicino Leonardo da Vinci International Airport,41.804532,12.251998,IT,Rome,large_airport
FDF,Martinique Aimé Césaire International Airport,14.591,-61.003201,MQ,Fort-de-France,large_airport
FDH,Bodensee Airport Friedrichshafen,47.671299,9.51149,DE,Friedrichshafen,large_airport
FDU,Bandundu Airport,-3.31132,17.381701,CD,Bandundu,medium_airport
FEG,Fergana International Airport,40.358799,71.745003,UZ,Fergana,medium_airport
FEN,Fernando de Noronha Airport,-3.854534,-32.423017,BR,Fernando de Noronha,medium_airport
FEZ,Fes Saïss International Airport,33.927299,-4.97796,MA,Saïss,large_airport
FGU,Fangatau Airport,-15.820044,-140.888071,PF,Fangatau,medium_airport
FIH,Ndjili International Airport,-4.38575,15.4446,CD,Kinshasa,large_airport
FIZ,Fitzroy Crossing Airport,-18.183596,125.559783,AU,,medium_airport
FJR,Fujairah International Airport,25.108411,56.328061,AE,Fujairah,large_airport
FKB,Karlsruhe Baden-Baden Airport,48.7794,8.0805,DE,Rheinmünster,large_airport
FKI,Bangoka International Airport,0.481639,25.337999,CD,Kisangani,large_airport
FKQ,Fakfak Airport,-2.920508,132.267011,ID,Fakfak,medium_airport
FKS,Fukushima Airport,37.22740173339844,140.43099975585938,JP,Sukagawa,medium_airport
FLA,Gustavo Artunduaga Paredes Airport,1.58919,-75.5644,CO,Florencia,medium_airport
FLG,Flagstaff Pulliam Airport,35.139757,-111.669826,US,Flagstaff,medium_airport
FLL,Fort Lauderdale Hollywood International Airport,26.072599,-80.152702,US,Fort Lauderdale,large_airport
FLN,Hercílio Luz International Airport,-27.670279,-48.552502,BR,Florianópolis,large_airport
FLO,Florence Regional Airport,34.18539810180664,-79.7238998413086,US,Florence,medium_airport
FLR,"Florence Airport, Peretola",43.808558,11.202822,IT,Firenze (FI),large_airport
FLW,Flores Airport,39.455299377441406,-31.131399154663086,PT,Santa Cruz das Flores,medium_airport
FLZ,Dr. Ferdinand Lumban Tobing Airport,1.557127,98.887145,ID,Sibolga (Pinangsori),medium_airport
FMA,Formosa National Airport,-26.2127,-58.2281,AR,Formosa,medium_airport
FMI,Kalemie Airport,-5.87556,29.25,CD,Kalemie,medium_airport
FMM,Memmingen Allgau Airport,47.988092,10.238248,DE,Memmingen,large_airport
FMO,Münster Osnabrück Airport,52.133816,7.688482,DE,Greven,large_airport
FNA,Lungi International Airport,8.61644,-13.1955,SL,Freetown (Lungi-Town),large_airport
FNC,Cristiano Ronaldo International Airport,32.697812,-16.774613,PT,Funchal,large_airport
FNI,Nîmes-Arles-Camargue Airport,43.757401,4.41635,FR,Nîmes/Garons,medium_airport
FNJ,Pyongyang Sunan International Airport,39.224098,125.669998,KP,Pyongyang,large_airport
FNT,Bishop International Airport,42.969294,-83.743355,US,Flint,medium_airport
FOC,Fuzhou Changle International Airport,25.929254,119.672524,CN,Fuzhou (Changle),large_airport
FOD,Fort Dodge Regional Airport,42.552624,-94.191237,US,Fort Dodge,medium_airport
FOG,Foggia Gino Lisa Airport,41.433596,15.534566,IT,Foggia (FG),medium_airport
FON,La Fortuna Arenal Airport,10.469311,-84.579073,CR,La Fortuna,medium_airport
FOR,Pinto Martins International Airport,-3.775833,-38.532222,BR,Fortaleza,large_airport
FPO,Grand Bahama International Airport,26.557996,-78.695583,BS,Freeport,large_airport
FRA,Frankfurt Main Airport,50.026706,8.55835,DE,Frankfurt am Main,large_airport
FRD,Friday Harbor Airport,48.523654,-123.024645,US,Friday Harbor,medium_airport
FRL,Forlì-Luigi Ridolfi International Airport,44.194801,12.0701,IT,Forlì (FC),medium_airport
FRO,Florø Airport,61.583599090576,5.0247201919556,NO,Florø,medium_airport
FRS,Mundo Maya International Airport,16.913707,-89.866143,GT,San Benito,medium_airport
FRW,Phillip Gaonwe Matante International Airport,-21.159183,27.468826,BW,Francistown,large_airport
FSC,Figari Sud-Corse Airport,41.50185,9.097092,FR,Figari,large_airport
FSD,Sioux Falls Regional Airport,43.585463,-96.741152,US,Sioux Falls,medium_airport
FSM,Fort Smith Regional Airport,35.336601,-94.367401,US,Fort Smith,medium_airport
FSP,Saint-Pierre Pointe-Blanche Airport,46.762651,-56.17499,PM,Saint-Pierre,medium_airport
FSZ,Mount Fuji Shizuoka Airport,34.795022,138.190976,JP,Makinohara / Shimada,large_airport
FTE,El Calafate - Commander Armando Tola International Airport,-50.280267,-72.053401,AR,El Calafate,medium_airport
FTU,Tôlanaro Airport,-25.038099,46.9561,MG,Tôlanaro,medium_airport
FTW,Fort Worth Meacham International Airport,32.819919,-97.360818,US,Fort Worth,medium_airport
FUE,Fuerteventura Airport,28.4527,-13.8638,ES,El Matorral,large_airport
FUG,Fuyang Xiguan Airport,32.882157,115.734364,CN,"Yingzhou, Fuyang",medium_airport
FUJ,Fukue Airport,32.666302,128.832993,JP,Goto,medium_airport
FUK,Fukuoka Airport,33.585899353027344,130.4510040283203,JP,Fukuoka,large_airport
FUN,Funafuti International Airport,-8.523885,179.196976,TV,Funafuti,medium_airport
FUO,Foshan Shadi Airport,23.0825,113.070833,CN,Foshan (Nanhai),medium_airport
FWA,Fort Wayne International Airport,40.978896,-85.194465,US,Fort Wayne,medium_airport
FYJ,Fuyuan Dongji Airport,48.197219,134.36298,CN,Fuyuan,medium_airport
FYN,Fuyun Koktokay Airport,46.804169,89.512006,CN,Fuyun,medium_airport
FYU,Fort Yukon Airport,66.571651,-145.249987,US,Fort Yukon,medium_airport
GAJ,Yamagata Airport,38.4119,140.371002,JP,Higashine,medium_airport
GAL,Edward G. Pitka Sr Airport,64.736198,-156.936997,US,Galena,medium_airport
GAM,Gambell Airport,63.767694,-171.733303,US,Gambell,medium_airport
GAN,Gan International Airport,-0.692975,73.152627,MV,Gan,large_airport
GAQ,Gao International Airport,16.248466,-0.005389,ML,Gao,medium_airport
GAU,Lokpriya Gopinath Bordoloi International Airport,26.106654,91.585226,IN,Guwahati,large_airport
GAY,Gaya Airport,24.744301,84.951202,IN,Gaya,medium_airport
GBB,Gabala International Airport,40.808617,47.725389,AZ,Gabala,medium_airport
GBE,Sir Seretse Khama International Airport,-24.555201,25.9182,BW,Gaborone,large_airport
GBJ,Marie-Galante Airport,15.868925,-61.270087,GP,Grand-Bourg,medium_airport
GCC,Northeast Wyoming Regional Airport,44.3489,-105.539001,US,Gillette,medium_airport
GCH,Gachsaran Airport,30.333869,50.833796,IR,Gachsaran,medium_airport
GCI,Guernsey Airport,49.435001,-2.60197,GG,Saint Peter Port,medium_airport
GCK,Garden City Regional Airport,37.9275016785,-100.723999023,US,Garden City,medium_airport
GCM,Owen Roberts International Airport,19.292801,-81.357697,KY,George Town,large_airport
GCN,Grand Canyon National Park Airport,35.9524,-112.147003,US,Grand Canyon - Tusayan,medium_airport
GDB,Gondia Airport,21.526817,80.290347,IN,Gondia,medium_airport
GDE,Gode Airport,5.93513011932,43.5786018372,ET,Gode,medium_airport
GDL,Guadalajara International Airport,20.523342,-103.310108,MX,Guadalajara,large_airport
GDN,Gdańsk Lech Wałęsa Airport,54.377602,18.4662,PL,Gdańsk,large_airport
GDQ,Gondar Airport,12.5199,37.433998,ET,Azezo,medium_airport
GDT,JAGS McCartney International Airport,21.4445,-71.142303,TC,Cockburn Town,medium_airport
GDV,Dawson Community Airport,47.137658,-104.80691,US,Glendive,medium_airport
GDX,Sokol Airport,59.9109992980957,150.72000122070312,RU,Magadan,medium_airport
GDZ,Gelendzhik Airport,44.5820926295,38.0124807358,RU,Gelendzhik,medium_airport
GEA,Nouméa Magenta Airport,-22.257706,166.472822,NC,Nouméa,medium_airport
GEG,Spokane International Airport,47.6199,-117.533997,US,Spokane,large_airport
GEL,Santo Ângelo Airport,-28.282503,-54.169623,BR,Santo Ângelo,medium_airport
GEM,President Obiang Nguema International Airport,1.676437,11.024904,GQ,Mengomeyén,medium_airport
GEO,Cheddi Jagan International Airport,6.49855,-58.254101,GY,Georgetown,large_airport
GER,Rafael Cabrera Airport,21.834699630737305,-82.78379821777344,CU,Nueva Gerona,medium_airport
GES,General Santos International Airport,6.057208,125.096243,PH,General Santos,large_airport
GET,Geraldton Airport,-28.796101,114.707001,AU,Moonyoonooka,medium_airport
GEV,Gällivare Airport,67.13240051269531,20.814599990844727,SE,Gällivare,medium_airport
GFF,Griffith Airport,-34.2508010864,146.067001343,AU,Griffith,medium_airport
GFK,Grand Forks International Airport,47.949299,-97.176102,US,Grand Forks,medium_airport
GGG,East Texas Regional Airport,32.38399887084961,-94.71150207519531,US,Longview,medium_airport
GGT,Exuma International Airport,23.562599,-75.877998,BS,Moss Town,medium_airport
GGW,Glasgow Valley County Airport Wokal Field,48.212502,-106.614998,US,Glasgow,medium_airport
GHA,Noumérat - Moufdi Zakaria Airport,32.384102,3.79411,DZ,El Atteuf,medium_airport
GHB,Governor's Harbour Airport,25.2847,-76.331001,BS,Governor's Harbour,medium_airport
GHV,Brașov-Ghimbav International Airport,45.70558,25.522871,RO,Brașov (Ghimbav),large_airport
GIB,Gibraltar Airport,36.151679,-5.34978,GI,Gibraltar,large_airport
GID,Gitega Airport,-3.417209,29.911308,BI,Gitega,medium_airport
GIG,Rio de Janeiro Galeão – Tom Jobim International Airport,-22.809999,-43.250557,BR,Rio De Janeiro,large_airport
GIL,Gilgit Airport,35.918800354003906,74.33360290527344,PK,Gilgit,medium_airport
GIS,Gisborne Airport,-38.6633,177.977997,NZ,Gisborne,medium_airport
GIZ,Jizan Regional Airport / King Abdullah bin Abdulaziz Airport,16.9011,42.5858,SA,Jizan,medium_airport
GJA,La Laguna Airport,16.4454,-85.906601,HN,Guanaja,medium_airport
GJL,Jijel Ferhat Abbas Airport,36.794125,5.873652,DZ,Tahir,large_airport
GJT,Grand Junction Regional Airport,39.126663,-108.529387,US,Grand Junction,medium_airport
GKA,Goroka Airport,-6.081689834590001,145.391998291,PG,Goronka,medium_airport
GKN,Gulkana Airport,62.155859,-145.454662,US,Gulkana,medium_airport
GLA,Glasgow Airport,55.871899,-4.43306,GB,Glasgow,large_airport
GLF,Golfito Airport,8.65401,-83.182198,CR,Golfito,medium_airport
GLH,Mid Delta Regional Airport,33.482899,-90.985603,US,Greenville,medium_airport
GLT,Gladstone Airport,-23.869763,151.225439,AU,Gladstone,medium_airport
GMA,Gemena Airport,3.23537,19.771299,CD,Gemena,medium_airport
GMB,Gambela Airport,8.12876,34.563099,ET,Gambela,medium_airport
GME,Gomel Airport,52.527000427246094,31.016700744628906,BY,Gomel,medium_airport
GMO,Gombe Lawanti International Airport,10.298889,10.9,NG,Gombe,medium_airport
GMP,Seoul Gimpo International Airport,37.5583,126.791,KR,Seoul,large_airport
GMQ,Golog Maqên Airport,34.418066,100.301144,CN,Golog (Maqên),medium_airport
GMR,Totegegie Airport,-23.07990074157715,-134.88999938964844,PF,,medium_airport
GNB,Grenoble Alpes Isère Airport,45.3629,5.32937,FR,Grenoble,medium_airport
GND,Maurice Bishop International Airport,12.003996,-61.785302,GD,Saint George's,large_airport
GNJ,Ganja International Airport,40.738692,46.320383,AZ,Ganja,large_airport
GNS,Binaka Airport,1.166275,97.705196,ID,Gunungsitoli,medium_airport
GNV,Gainesville Regional Airport,29.6900997162,-82.2717971802,US,Gainesville,medium_airport
GNY,Şanlıurfa GAP Airport,37.445663,38.895592,TR,Şanlıurfa,large_airport
GOA,Genoa Cristoforo Colombo Airport,44.412039,8.840732,IT,Genova (GE),large_airport
GOH,Nuuk International Airport,64.191066,-51.67914,GL,Nuuk,large_airport
GOI,Goa Dabolim International Airport,15.380062,73.833328,IN,Vasco da Gama,large_airport
GOJ,Nizhny Novgorod / Strigino International Airport,56.227351,43.785152,RU,Nizhny Novgorod,large_airport
GOM,Goma International Airport,-1.666758,29.238037,CD,Goma,large_airport
GOP,Gorakhpur Airport,26.739700317399997,83.4496994019,IN,Gorakhpur,medium_airport
GOQ,Golmud Airport,36.4006,94.786102,CN,Golmud,medium_airport
GOT,Göteborg Landvetter Airport,57.6628,12.2798,SE,Göteborg,large_airport
GOU,Garoua International Airport,9.334785,13.372129,CM,Garoua,large_airport
GOV,Gove Airport,-12.269399642899998,136.817993164,AU,Nhulunbuy,medium_airport
GOX,Manohar International Airport,15.744257,73.860625,IN,Mopa,large_airport
GPA,Patras Araxos Agamemnon Airport,38.1511,21.4256,GR,Patras,medium_airport
GPI,Guapi Airport,2.57013,-77.897969,CO,Guapi,medium_airport
GPS,Seymour Galapagos Ecological Airport,-0.453758,-90.2659,EC,Isla Baltra,medium_airport
GPT,Gulfport Biloxi International Airport,30.405582,-89.069836,US,Gulfport,medium_airport
GRB,Austin Straubel International Airport,44.483459,-88.130805,US,Green Bay,medium_airport
GRI,Central Nebraska Regional Airport,40.967498779296875,-98.30960083007812,US,Grand Island,medium_airport
GRJ,George Airport,-34.0056,22.378902,ZA,George,large_airport
GRK,Killeen Regional Airport / Robert Gray Army Airfield,31.0672,-97.828903,US,Fort Cavazos,medium_airport
GRO,Girona-Costa Brava Airport,41.904639,2.761774,ES,Girona,large_airport
GRQ,Groningen Airport Eelde,53.119107,6.577652,NL,Groningen,large_airport
GRR,Gerald R. Ford International Airport,42.880798,-85.522797,US,Grand Rapids,large_airport
GRU,São Paulo/Guarulhos–Governor André Franco Montoro International Airport,-23.431274,-46.469954,BR,São Paulo,large_airport
GRV,Akhmat Kadyrov Grozny International Airport,43.388106,45.699772,RU,Grozny,large_airport
GRW,Graciosa Airport,39.092201232910156,-28.029800415039062,PT,Santa Cruz da Graciosa,medium_airport
GRX,F.G.L. Airport Granada-Jaén Airport,37.188702,-3.77736,ES,Granada,medium_airport
GRY,Grímsey Airport,66.5458,-18.0173,IS,Grímsey/Sandvík,medium_airport
GRZ,Graz Airport,46.9911,15.4396,AT,Feldkirchen bei Graz,large_airport
GSM,Qeshm International Airport,26.754639,55.902353,IR,Qeshm(Dayrestan),large_airport
GSO,Piedmont Triad International Airport,36.09937,-79.937262,US,Greensboro,large_airport
GSP,Greenville-Spartanburg International Airport,34.895699,-82.218903,US,Greenville/Greer/Spartanburg,medium_airport
GST,Gustavus Airport,58.4253006,-135.7070007,US,Gustavus,medium_airport
GSV,Gagarin International Airport,51.712778,46.171111,RU,Saratov,large_airport
GTE,Groote Eylandt Airport,-13.972405,136.458553,AU,Groote Eylandt,medium_airport
GTF,Great Falls International Airport,47.481998,-111.371002,US,Great Falls,medium_airport
GTR,Golden Triangle Regional Airport,33.450298,-88.5914,US,Columbus/W Point/Starkville,medium_airport
GUA,La Aurora International Airport,14.582896,-90.527515,GT,Guatemala City,large_airport
GUC,Gunnison Crested Butte Regional Airport,38.534672,-106.934566,US,Gunnison,medium_airport
GUM,Antonio B. Won Pat International Airport,13.485,144.797282,GU,Hagåtña,large_airport
GUP,Gallup Municipal Airport,35.511653,-108.788166,US,Gallup,medium_airport
GUR,Gurney Airport,-10.3114995956,150.333999634,PG,Gurney,medium_airport
GUW,Atyrau International Airport,47.121318,51.820343,KZ,Atyrau,large_airport
GVA,Geneva International Airport,46.238098,6.10895,CH,Geneva,large_airport
GVR,Coronel Altino Machado Airport,-18.895882,-41.982869,BR,Governador Valadares,medium_airport
GWD,New Gwadar International Airport,25.296733,62.498822,PK,Gurandani,large_airport
GWL,Gwalior Airport,26.29330062866211,78.22779846191406,IN,Gwalior,medium_airport
GWT,Westerland Sylt Airport,54.9132,8.34047,DE,Sylt,medium_airport
GXF,Seiyun Hadhramaut International Airport,15.965887,48.788146,YE,Seiyun,large_airport
GXG,Negage Airport,-7.754509925842285,15.287699699401855,AO,Negage,medium_airport
GXH,Gannan Xiahe Airport,34.819014,102.622261,CN,Gannan (Xiahe),medium_airport
GYA,Guayaramerín Airport,-10.88856,-65.380955,BO,Guayaramerín,medium_airport
GYD,Heydar Aliyev International Airport,40.47278,50.050931,AZ,Baku,large_airport
GYE,José Joaquín de Olmedo International Airport,-2.15742,-79.883598,EC,Guayaquil,large_airport
GYM,General José María Yáñez International Airport,27.9689998626709,-110.92500305175781,MX,Guaymas,medium_airport
GYN,Santa Genoveva International Airport,-16.632,-49.220699,BR,Goiânia,large_airport
GYS,Guangyuan Panlong Airport,32.390254,105.694571,CN,Guangyuan (Lizhou),medium_airport
GYU,Guyuan Liupanshan Airport,36.078889,106.216944,CN,Guyuan (Yuanzhou),medium_airport
GYY,Gary/Chicago International Airport,41.617087,-87.413206,US,Gary,medium_airport
GZP,Gazipaşa-Alanya Airport,36.298832,32.297017,TR,Gazipaşa,medium_airport
GZT,Gaziantep Oğuzeli International Airport,36.947201,37.478699,TR,Gaziantep,large_airport
HAC,Hachijojima Airport,33.114843,139.785645,JP,Hachijojima,medium_airport
HAD,Halmstad Airport,56.69110107421875,12.820199966430664,SE,Halmstad,medium_airport
HAH,Prince Said Ibrahim International Airport,-11.5337,43.2719,KM,Moroni,large_airport
HAJ,Hannover Airport,52.461102,9.68508,DE,Hannover,large_airport
HAK,Haikou Meilan International Airport,19.9349,110.459,CN,Haikou (Meilan),large_airport
HAM,Hamburg Helmut Schmidt Airport,53.630402,9.98823,DE,Hamburg,large_airport
HAN,Noi Bai International Airport,21.221201,105.806999,VN,Hanoi (Soc Son),large_airport
HAQ,Hanimaadhoo International Airport,6.743235,73.167072,MV,Haa Dhaalu Atoll,large_airport
HAS,Hail International Airport,27.437901,41.686298,SA,Hail,large_airport
HAU,"Haugesund Airport, Karmøy",59.345299,5.20836,NO,Karmøy,medium_airport
HAV,José Martí International Airport,22.989200592041016,-82.40910339355469,CU,Havana,large_airport
HBA,Hobart International Airport,-42.837032,147.513022,AU,Hobart (Cambridge),large_airport
HBE,Alexandria International Airport,30.93249,29.696437,EG,Alexandria,large_airport
HBX,Hubballi Airport,15.361084,75.082096,IN,Hubballi,medium_airport
HCJ,Hechi Jinchengjiang Airport,24.804344,107.710819,CN,Hechi (Jinchengjiang),medium_airport
HCR,Holy Cross Airport,62.18830108642578,-159.77499389648438,US,Holy Cross,medium_airport
HCZ,Chenzhou Beihu Airport,25.753419,112.845404,CN,Chenzhou,medium_airport
HDF,Heringsdorf Airport,53.8787,14.1523,DE,Zirchow,medium_airport
HDG,Handan Airport,36.524824,114.424126,CN,Handan,medium_airport
HDM,Hamadan Airport,34.866416,48.56069,IR,Hamadan,medium_airport
HDN,Yampa Valley Airport,40.481201,-107.218002,US,Hayden,medium_airport
HDS,Eastgate Airport / Air Force Base Hoedspruit,-24.361864,31.052921,ZA,Hoedspruit,medium_airport
HDY,Hat Yai International Airport,6.93321,100.392998,TH,Hat Yai,large_airport
HEA,Herat - Khwaja Abdullah Ansari International Airport,34.209999,62.228298,AF,Guzara,large_airport
HEH,Heho Airport,20.74714,96.792029,MM,Heho,medium_airport
HEK,Heihe Aihui Airport,50.171621,127.308884,CN,Heihe,medium_airport
HEL,Helsinki Vantaa Airport,60.318363,24.963341,FI,Helsinki (Vantaa),large_airport
HER,Heraklion International Nikos Kazantzakis Airport,35.339699,25.1803,GR,Heraklion,large_airport
HET,Hohhot Baita International Airport,40.849658,111.824598,CN,Hohhot,large_airport
HFA,Uri Michaeli Haifa International Airport,32.810219,35.043719,IL,Haifa,medium_airport
HFE,Hefei Xinqiao International Airport,31.98779,116.9769,CN,Hefei,large_airport
HFN,Hornafjörður Airport,64.295601,-15.2272,IS,Höfn,medium_airport
HFT,Hammerfest Airport,70.679703,23.6686,NO,Hammerfest,medium_airport
HGA,Egal International Airport,9.514082,44.083469,SO,Hargeisa,large_airport
HGH,Hangzhou Xiaoshan International Airport,30.23609,120.428865,CN,Hangzhou,large_airport
HGI,Itanagar Donyi Polo Hollongi Airport,26.96683,93.638792,IN,Hollongi,medium_airport
HGN,Mae Hong Son Airport,19.3013,97.9758,TH,Mae Hong Son,medium_airport
HGO,Korhogo Airport,9.38718,-5.55666,CI,Korhogo,medium_airport
HGR,Hagerstown Regional Richard A Henson Field,39.708771,-77.728014,US,Hagerstown,medium_airport
HGU,Mount Hagen Kagamuga Airport,-5.828212,144.299412,PG,Mount Hagen,medium_airport
HHH,Hilton Head Airport,32.2244,-80.697502,US,Hilton Head Island,medium_airport
HHN,Frankfurt-Hahn Airport,49.946353,7.261734,DE,Frankfurt am Main (Lautzenhausen),large_airport
HHQ,Hua Hin Airport,12.6361999512,99.951499939,TH,Hua Hin,medium_airport
HHR,Jack Northrop Field Hawthorne Municipal Airport,33.922798,-118.334999,US,Hawthorne,medium_airport
HIA,Huai'an Lianshui Airport,33.792712,119.126657,CN,Huai'an,large_airport
HIB,Range Regional Airport,47.384831,-92.836905,US,Hibbing,medium_airport
HID,Horn Island Airport,-10.585636,142.29277,AU,Horn,medium_airport
HII,Lake Havasu City Airport,34.570506,-114.357745,US,Lake Havasu City,medium_airport
HIJ,Hiroshima Airport,34.4361,132.919006,JP,Hiroshima,large_airport
HIN,Sacheon Airport / Sacheon Air Base,35.088591,128.071747,KR,Sacheon,medium_airport
HIR,Honiara International Airport,-9.428,160.054993,SB,Honiara,large_airport
HJJ,Huaihua Zhijiang Airport,27.443087,109.704666,CN,Huaihua,medium_airport
HJR,Khajuraho Airport,24.8172,79.918602,IN,Khajuraho,medium_airport
HKD,Hakodate Airport,41.77,140.822006,JP,Hakodate,large_airport
HKG,Hong Kong International Airport,22.31184,113.914862,HK,Hong Kong,large_airport
HKK,Hokitika Airfield,-42.713600158691406,170.98500061035156,NZ,,medium_airport
HKN,Hoskins Airport,-5.463846,150.407327,PG,Kimbe,medium_airport
HKT,Phuket International Airport,8.113257,98.3174,TH,Phuket,large_airport
HLA,Lanseria International Airport,-25.938964,27.926642,ZA,Johannesburg,large_airport
HLD,Hulunbuir Hailar Airport,49.208616,119.822301,CN,Hailar,large_airport
HLE,Saint Helena International Airport,-15.958898,-5.646066,SH,Jamestown,medium_airport
HLN,Helena Regional Airport,46.6068,-111.983002,US,Helena,medium_airport
HLP,Halim Perdanakusuma International Airport,-6.266989,106.890318,ID,Jakarta,large_airport
HLZ,Hamilton International Airport,-37.866961,175.331952,NZ,Hamilton,medium_airport
HMA,Khanty Mansiysk Airport,61.0285,69.086098,RU,Khanty-Mansiysk,medium_airport
HMB,Suhaj International Airport,26.342515,31.743017,EG,Suhaj,large_airport
HME,Hassi Messaoud-Oued Irara Krim Belkacem Airport,31.673,6.14044,DZ,Hassi Messaoud,medium_airport
HMI,Hami Airport,42.8414,93.669197,CN,Hami,medium_airport
HMO,General Ignacio L. Pesqueira International Airport,29.092811,-111.053015,MX,Hermosillo,large_airport
HNA,Iwate Hanamaki Airport,39.4286,141.134995,JP,Hanamaki,medium_airport
HND,Tokyo Haneda International Airport,35.549678,139.786958,JP,Tokyo,large_airport
HNL,Daniel K. Inouye International Airport,21.318387,-157.92567,US,"Honolulu, Oahu",large_airport
HNM,Hana Airport,20.795601,-156.014008,US,Hana,medium_airport
HNS,Haines Airport,59.243921,-135.523925,US,Haines,medium_airport
HOB,Lea County Regional Airport,32.6875,-103.217003,US,Hobbs,medium_airport
HOF,Al-Ahsa International Airport,25.285299,49.485199,SA,Hofuf,large_airport
HOG,Frank Pais International Airport,20.785148,-76.315526,CU,Holguin,large_airport
HOI,Hao Airport,-18.0748,-140.945999,PF,Otepa,medium_airport
HOM,Homer Airport,59.644456,-151.479235,US,Homer,medium_airport
HOR,Horta Airport,38.519901275634766,-28.715900421142578,PT,Horta,medium_airport
HOT,Memorial Field Airport,34.4788,-93.096262,US,Hot Springs,medium_airport
HOU,William P. Hobby Airport,29.645336,-95.276812,US,Houston,large_airport
HOV,"Ørsta-Volda Airport, Hovden",62.180000305176,6.0741000175476,NO,Ørsta,medium_airport
HPA,Lifuka Island Airport,-19.777000427246094,-174.34100341796875,TO,Lifuka,medium_airport
HPG,Shennongjia Hongping Airport,31.626,110.34,CN,Shennongjia (Hongping),medium_airport
HPH,Cat Bi International Airport,20.817428,106.724315,VN,Haiphong (Hai An),large_airport
HPN,Westchester County Airport,41.06700134277344,-73.70760345458984,US,White Plains,medium_airport
HQL,Tashikuergan Hongqilafu Airport,37.661333,75.288877,CN,Tashikuergan,medium_airport
HRB,Harbin Taiping International Airport,45.623402,126.25,CN,Harbin,large_airport
HRE,Robert Gabriel Mugabe International Airport,-17.931801,31.0928,ZW,Harare,large_airport
HRG,Hurghada International Airport,27.176776,33.796692,EG,Hurghada,large_airport
HRI,Mattala Rajapaksa International Airport,6.283878,81.124163,LK,Mattala,medium_airport
HRL,Valley International Airport,26.228500366210938,-97.65440368652344,US,Harlingen,medium_airport
HRO,Boone County Airport,36.26150131225586,-93.15470123291016,US,Harrison,medium_airport
HSA,Hazrat Sultan International Airport,43.311087,68.550352,KZ,Turkıstan,large_airport
HSC,Shaoguan Danxia Airport,24.9786,113.420998,CN,Shaoguan,medium_airport
HSG,Kyushu Saga International Airport,33.1497,130.302002,JP,Saga,large_airport
HSL,Huslia Airport,65.697899,-156.350998,US,Huslia,medium_airport
HSN,Zhoushan Putuoshan International Airport,29.933874,122.362307,CN,Zhoushan,large_airport
HSR,Rajkot International Airport,22.378824,71.039391,IN,Rajkot,large_airport
HSS,Maharaja Agrasen International Airport,29.186065,75.74142,IN,Hisar,large_airport
HSV,Huntsville International Airport,34.636244,-86.774378,US,Huntsville,medium_airport
HTA,Chita-Kadala International Airport,52.024841,113.305839,RU,Chita,large_airport
HTG,Khatanga Airport,71.97810363769531,102.49099731445312,RU,Khatanga,medium_airport
HTI,Hamilton Island Airport,-20.3581008911,148.95199585,AU,Hamilton Island,medium_airport
HTN,Hotan Airport,37.03850173950195,79.86489868164062,CN,Hotan,medium_airport
HTS,Tri-State Airport / Milton J. Ferguson Field,38.366699,-82.557999,US,Huntington,medium_airport
HTT,Huatugou Airport,38.201645,90.837843,CN,Mengnai,medium_airport
HTY,Hatay Airport,36.36079,36.285589,TR,Antakya,medium_airport
HUH,Huahine-Fare Airport,-16.687084,-151.021593,PF,Fare,medium_airport
HUI,Phu Bai International Airport,16.400581,107.704094,VN,Huế,large_airport
HUN,Hualien Chiashan Airport,24.023163,121.617991,TW,Hualien City,large_airport
HUO,Holingol Huolinhe Airport,45.487222,119.407222,CN,Holingol,medium_airport
HUU,Alferez Fap David Figueroa Fernandini Airport,-9.878809928894043,-76.20480346679688,PE,Huánuco,medium_airport
HUX,Bahías de Huatulco International Airport,15.775437,-96.260456,MX,Huatulco,large_airport
HUY,Humberside Airport,53.576152,-0.34954,GB,"Grimsby, Lincolnshire",medium_airport
HUZ,Huizhou Pingtan Airport,23.049999,114.599998,CN,Huizhou (Pingtan),medium_airport
HVB,Hervey Bay Airport,-25.320127,152.880662,AU,Hervey Bay,medium_airport
HVD,Khovd Airport,47.954102,91.628197,MN,Khovd,medium_airport
HVG,"Honningsvåg Airport, Valan",71.009697,25.983601,NO,Honningsvåg,medium_airport
HVN,Tweed New Haven Airport,41.262869,-72.887694,US,New Haven,medium_airport
HVR,Havre City County Airport,48.541387,-109.762859,US,Havre,medium_airport
HWR,Halwara International Airport,30.748501,75.629799,IN,Halwara,large_airport
HXD,Haixi Delingha Airport,37.125286,97.268658,CN,Delingha,medium_airport
HYA,Cape Cod Gateway Airport,41.6693,-70.280403,US,Hyannis,medium_airport
HYD,Rajiv Gandhi International Airport,17.231318,78.429855,IN,Hyderabad,large_airport
HYN,Taizhou Luqiao Airport,28.562201,121.429001,CN,Taizhou (Luqiao),medium_airport
HYS,Hays Regional Airport,38.844521,-99.273148,US,Hays,medium_airport
HZA,Heze Mudan Airport,35.212972,115.736748,CN,Heze (Dingtao),medium_airport
HZG,Hanzhong Chenggu Airport,33.133527,107.203817,CN,Hanzhong (Chenggu),medium_airport
HZH,Liping Airport,26.32217,109.1499,CN,Liping,medium_airport
IAA,Igarka Airport,67.437202,86.621902,RU,Igarka,medium_airport
IAD,Washington Dulles International Airport,38.9445,-77.455803,US,Dulles,large_airport
IAG,Niagara Falls International Airport,43.1073,-78.946198,US,Niagara Falls,medium_airport
IAH,George Bush Intercontinental Airport,29.9844,-95.3414,US,Houston,large_airport
IAM,Zarzaitine - In Aménas Airport,28.0515,9.64291,DZ,In Aménas,medium_airport
IAN,Bob Baker Memorial Airport,66.976128,-160.439014,US,Kiana,medium_airport
IAR,Golden Ring Yaroslavl International Airport,57.560699,40.157398,RU,Tunoshna,large_airport
IAS,Iaşi International Airport,47.179633,27.621431,RO,Iaşi,large_airport
IBA,Ibadan Airport,7.362460136413574,3.97832989692688,NG,Ibadan,medium_airport
IBE,Perales Airport,4.42161,-75.1333,CO,Ibagué,medium_airport
IBR,Ibaraki Airport,36.181456,140.414434,JP,Omitama,large_airport
IBZ,Ibiza Airport,38.872898,1.37312,ES,Ibiza (Eivissa),large_airport
ICN,Incheon International Airport,37.469101,126.450996,KR,Seoul,large_airport
ICT,Wichita Dwight D. Eisenhower National Airport,37.650314,-97.428583,US,Wichita,medium_airport
IDA,Idaho Falls Regional Airport,43.514599,-112.070999,US,Idaho Falls,medium_airport
IDR,Devi Ahilya Bai Holkar International Airport,22.721404,75.80051,IN,Indore,large_airport
IEG,Zielona Góra-Babimost Airport,52.1385,15.7986,PL,Nowe Kramsko,medium_airport
IFJ,Ísafjörður Airport,66.058098,-23.1353,IS,Ísafjörður,medium_airport
IFN,Isfahan Shahid Beheshti International Airport,32.755142,51.883877,IR,Isfahan,large_airport
IGA,Inagua Airport,20.975,-73.666901,BS,Matthew Town,medium_airport
IGD,Iğdır Airport,39.976627,43.876648,TR,Iğdır,medium_airport
IGR,Cataratas Del Iguazú International Airport,-25.737301,-54.4734,AR,Puerto Iguazu,medium_airport
IGT,Magas Airport,43.323268,45.012568,RU,Sunzha,medium_airport
IGU,Cataratas International Airport,-25.594167,-54.489444,BR,Foz do Iguaçu,large_airport
IJK,Izhevsk Airport,56.834524,53.462172,RU,Izhevsk,medium_airport
IKA,Imam Khomeini International Airport,35.416099548339844,51.152198791503906,IR,Tehran,large_airport
IKG,Karakol International Airport,42.508099,78.407799,KG,Karakol,medium_airport
IKI,Iki Airport,33.7490005493,129.785003662,JP,Iki,medium_airport
IKS,Tiksi Airport,71.697701,128.903,RU,Tiksi,medium_airport
IKT,Irkutsk International Airport,52.266707,104.395563,RU,Irkutsk,large_airport
IKU,Issyk-Kul International Airport,42.585584,76.701181,KG,Tamchy,large_airport
ILD,Lleida-Alguaire Airport,41.728185,0.535023,ES,Lleida,medium_airport
ILG,Wilmington Airport,39.678699,-75.606499,US,Wilmington,medium_airport
ILI,Iliamna Airport,59.754398,-154.910996,US,Iliamna,medium_airport
ILM,Wilmington International Airport,34.272345,-77.905117,US,Wilmington,medium_airport
ILO,Iloilo International Airport,10.833017,122.493358,PH,Cabatuan,large_airport
ILP,Île des Pins Airport,-22.5889,167.455994,NC,Île des Pins,medium_airport
ILQ,General Jorge Fernandez Maldon Airport,-17.695,-71.344002,PE,Ilo,medium_airport
ILR,General Tunde Idiagbon International Airport,8.44021,4.49392,NG,Ilorin/Ogbomosho,large_airport
ILS,Ilopango International Airport,13.6995,-89.119904,SV,San Salvador,medium_airport
ILY,Islay Airport,55.682708,-6.257525,GB,"Isle of Islay, Argyll and Bute",medium_airport
IMF,Bir Tikendrajit International Airport,24.76,93.896698,IN,Imphal,large_airport
IMP,Prefeito Renato Moreira Airport,-5.53129,-47.459999,BR,Imperatriz,medium_airport
IMT,Ford Airport,45.81911,-88.114557,US,Kingsford,medium_airport
INC,Yinchuan Hedong International Airport,38.322758,106.393214,CN,Yinchuan,large_airport
IND,Indianapolis International Airport,39.7173,-86.294403,US,Indianapolis,large_airport
INH,Inhambane Airport,-23.8764,35.408501,MZ,Inhambane,medium_airport
INI,Niš Constantine the Great Airport,43.336538,21.856242,RS,Niš,large_airport
INL,Falls International Airport,48.566200256347656,-93.4030990600586,US,International Falls,medium_airport
INN,Innsbruck Airport,47.260201,11.344,AT,Innsbruck,large_airport
INU,Nauru International Airport,-0.547893,166.919525,NR,Yaren,medium_airport
INV,Inverness Airport,57.5425,-4.0475,GB,"Inverness, Highland",medium_airport
INZ,In Salah Airport,27.250999,2.51202,DZ,In Salah,medium_airport
IOA,Ioannina King Pyrrhus National Airport,39.6964,20.8225,GR,Ioannina,medium_airport
IOM,Isle of Man Airport,54.083081,-4.623871,IM,"Castletown, Rushen",large_airport
IOS,Bahia - Jorge Amado Airport,-14.815929,-39.033458,BR,Ilhéus,medium_airport
IPC,Mataveri International Airport,-27.165411,-109.421027,CL,Isla De Pascua,large_airport
IPH,Sultan Azlan Shah Airport,4.56733,101.091643,MY,Ipoh,large_airport
IPI,San Luis Airport,0.861946,-77.671783,CO,Ipiales,medium_airport
IPL,Imperial County Airport,32.83539,-115.574026,US,Imperial,medium_airport
IPN,Usiminas Airport,-19.470699,-42.487598,BR,Ipatinga,medium_airport
IPT,Williamsport Regional Airport,41.242126,-76.92245,US,Williamsport,medium_airport
IQM,Qiemo Yudu Airport,38.234516,85.465462,CN,Qiemo,medium_airport
IQN,Qingyang Xifeng Airport,35.802638,107.598896,CN,Qingyang (Xifeng),medium_airport
IQQ,Diego Aracena International Airport,-20.536273,-70.181373,CL,Iquique,large_airport
IQT,Coronel FAP Francisco Secada Vignetta International Airport,-3.78474,-73.3088,PE,Iquitos,large_airport
IRG,Lockhart River Airport,-12.7869,143.304993,AU,Lockhart River,medium_airport
IRJ,Capitan V A Almonacid Airport,-29.381599,-66.795799,AR,La Rioja,medium_airport
IRK,Kirksville Regional Airport,40.09349822998047,-92.5448989868164,US,Kirksville,medium_airport
IRP,Matari Airport,2.82761,27.588301,CD,Isiro,medium_airport
ISA,Mount Isa Airport,-20.66638,139.488468,AU,Mount Isa,medium_airport
ISB,Islamabad International Airport,33.549,72.82566,PK,Attock,large_airport
ISE,Süleyman Demirel International Airport,37.8554,30.368401,TR,Isparta,medium_airport
ISG,New Ishigaki Airport,24.396389,124.245,JP,Ishigaki,medium_airport
ISK,Nashik International Airport,20.119101,73.912903,IN,Nashik,large_airport
ISP,Long Island MacArthur Airport,40.796324,-73.101703,US,Islip,medium_airport
IST,İstanbul Airport,41.274874,28.732136,TR,Istanbul,large_airport
ISU,Jalal Talabani International Airport,35.560487,45.315137,IQ,Sulaymaniyah,medium_airport
ITB,Itaituba Airport,-4.242131,-56.000651,BR,Itaituba,medium_airport
ITH,Ithaca Tompkins Regional Airport,42.49100112915039,-76.4583969116211,US,Ithaca,medium_airport
ITM,Osaka Itami International Airport,34.780853,135.440829,JP,Osaka,large_airport
ITO,Hilo International Airport,19.72135,-155.045428,US,Hilo,medium_airport
IUE,Niue International Airport,-19.080109,-169.923493,NU,Alofi,medium_airport
IVC,Invercargill Airport,-46.41239929199219,168.31300354003906,NZ,Invercargill,medium_airport
IVL,Ivalo Airport,68.6073,27.4053,FI,Ivalo,large_airport
IWA,Ivanovo South Airport,56.93939971923828,40.940799713134766,RU,Ivanovo,medium_airport
IWJ,Iwami Airport,34.676399231,131.789993286,JP,Masuda,medium_airport
IWK,Iwakuni Kintaikyo Airport,34.146333,132.247238,JP,Iwakuni,medium_airport
IXA,Agartala - Maharaja Bir Bikram Airport,23.886999,91.240402,IN,Agartala,medium_airport
IXB,Bagdogra Airport,26.6812,88.328598,IN,Siliguri,large_airport
IXC,Shaheed Bhagat Singh International Airport,30.6735,76.788498,IN,Chandigarh,large_airport
IXD,Prayagraj Airport,25.4401,81.733902,IN,Allahabad,medium_airport
IXE,Mangaluru International Airport,12.95471,74.886812,IN,Mangaluru,large_airport
IXG,Belagavi Airport,15.8593,74.618301,IN,Belgaum,medium_airport
IXI,Lilabari North Lakhimpur Airport,27.295682,94.097266,IN,Lilabari,medium_airport
IXJ,Jammu Airport,32.688849,74.838152,IN,Jammu,medium_airport
IXK,Keshod Airport,21.317101,70.270401,IN,Keshod,medium_airport
IXL,Leh Kushok Bakula Rimpochee Airport,34.135899,77.546501,IN,Leh,medium_airport
IXM,Madurai Airport,9.83450984955,78.09339904790001,IN,Madurai,medium_airport
IXP,Pathankot Airport,32.233611,75.634444,IN,Pathankot,medium_airport
IXR,Birsa Munda Airport,23.314300537100003,85.3217010498,IN,Ranchi,medium_airport
IXS,Silchar Airport,24.9129009247,92.97869873050001,IN,Silchar,medium_airport
IXU,Aurangabad Airport,19.862875,75.396312,IN,Aurangabad,medium_airport
IXY,Kandla Airport,23.1127,70.100304,IN,Kandla,medium_airport
IXZ,Veer Savarkar International Airport / INS Utkrosh,11.640194,92.72902,IN,Port Blair,large_airport
IZA,Presidente Itamar Franco Airport,-21.513086,-43.173069,BR,Juiz de Fora,medium_airport
IZO,Izumo Enmusubi Airport,35.413601,132.889999,JP,Izumo,medium_airport
IZT,General Antonio Cárdenas Rodríguez National Airport / Ixtepec Air Base,16.445961,-95.093708,MX,Ixtepec,medium_airport
JAC,Jackson Hole Airport,43.6073,-110.737999,US,Jackson,medium_airport
JAE,Shumba Airport,-5.59248,-78.774002,PE,Jaén,medium_airport
JAF,Jaffna International Airport,9.79233,80.070099,LK,Jaffna,large_airport
JAI,Jaipur International Airport,26.8242,75.812202,IN,Jaipur,large_airport
JAN,Jackson-Medgar Wiley Evers International Airport,32.311199,-90.075897,US,Jackson,medium_airport
JAU,Francisco Carle Airport,-11.7831001282,-75.47339630130001,PE,Jauja,medium_airport
JAV,Ilulissat Airport,69.243202,-51.057098,GL,Ilulissat,medium_airport
JAX,Jacksonville International Airport,30.492469,-81.687813,US,Jacksonville,large_airport
JBQ,La Isabela International Airport,18.572500228881836,-69.98560333251953,DO,La Isabela,medium_airport
JBR,Jonesboro Municipal Airport,35.83169937133789,-90.64640045166016,US,Jonesboro,medium_airport
JCL,České Budějovice South Bohemian Airport,48.948171,14.42832,CZ,České Budějovice,large_airport
JDF,Francisco de Assis Airport,-21.791482,-43.386072,BR,Juiz de Fora,medium_airport
JDH,Jodhpur Airport,26.251100540161133,73.04889678955078,IN,Jodhpur,medium_airport
JDZ,Jingdezhen Luojia Airport,29.3386,117.176003,CN,Jingdezhen,medium_airport
JED,King Abdulaziz International Airport,21.680241,39.157436,SA,Jeddah,large_airport
JEE,Jérémie Airport,18.663099,-74.170303,HT,Carrefour Sanon,medium_airport
JEG,Aasiaat Airport,68.721802,-52.784698,GL,Aasiaat,medium_airport
JER,Jersey Airport,49.207901,-2.19551,JE,St. Peter,medium_airport
JFK,John F. Kennedy International Airport,40.639447,-73.779317,US,New York,large_airport
JGA,Jamnagar Airport,22.465499877929688,70.01260375976562,IN,Jamnagar,medium_airport
JGD,Daxing'anling Elunchun Airport,50.371389,124.1175,CN,Jiagedaqi,medium_airport
JGN,Jiayuguan International Airport,39.859052,98.339344,CN,Jiayuguan,large_airport
JGS,Jinggangshan Airport,26.856899,114.737,CN,Ji'an,medium_airport
JHB,Senai International Airport,1.64131,103.669998,MY,Johor Bahru,large_airport
JHG,Xishuangbanna Gasa International Airport,21.974648,100.762224,CN,Jinghong (Gasa),large_airport
JHM,Kapalua Airport,20.9629,-156.673004,US,Lahaina,medium_airport
JHS,Sisimiut Airport,66.951302,-53.729301,GL,Sisimiut,medium_airport
JIB,Djibouti-Ambouli Airport,11.5473,43.1595,DJ,Djibouti City,large_airport
JIC,Jinchang Jinchuan Airport,38.542222,102.348333,CN,Jinchang,medium_airport
JIJ,Gerad Wilwal International Airport,9.331907,42.911811,ET,Jijiga,large_airport
JIM,Jimma Airport,7.66609001159668,36.81660079956055,ET,Jimma,medium_airport
JIQ,Qianjiang Wulingshan Airport,29.5133333333,108.831111111,CN,Qianjiang,medium_airport
JJD,Comandante Ariston Pessoa Airport,-2.906425,-40.357338,BR,Cruz,medium_airport
JJN,Quanzhou Jinjiang International Airport,24.795855,118.588599,CN,Quanzhou,large_airport
JJU,Qaqortoq Airport,60.76383,-46.065001,GL,Qaqortoq,medium_airport
JKG,Jönköping Airport,57.757598876953125,14.068699836730957,SE,Jönköping,medium_airport
JKH,Chios Island National Airport,38.34320068359375,26.140600204467773,GR,Chios Island,medium_airport
JKR,Janakpur Airport,26.708799,85.922401,NP,Janakpur,medium_airport
JLN,Joplin Regional Airport,37.151798,-94.498299,US,Joplin,medium_airport
JLR,Jabalpur Airport,23.177799,80.052002,IN,Jabalpur,medium_airport
JMJ,Lancang Jingmai Airport,22.417733,99.784012,CN,Pu'er (Lancang),medium_airport
JMK,Mykonos Island National Airport,37.435101,25.348101,GR,Mykonos,medium_airport
JMS,Jamestown Regional Airport,46.92969894,-98.67819977,US,Jamestown,medium_airport
JMU,Jiamusi Songjiang International Airport,46.842793,130.46426,CN,Jiamusi,medium_airport
JNB,O.R. Tambo International Airport,-26.140081,28.246801,ZA,Johannesburg,large_airport
JNG,Jining Da'an Airport,35.647358,116.743269,CN,Jining,medium_airport
JNH,Jiaxing Nanhu Airport,30.698056,120.663056,CN,"Xiuzhou, Hangzhou",medium_airport
JNU,Juneau International Airport,58.354935,-134.574416,US,Juneau,medium_airport
JNZ,Jinzhou Bay Airport,40.936032,121.277114,CN,Jinzhou (Linghai),medium_airport
JOE,Joensuu Airport,62.658815,29.619398,FI,Joensuu,medium_airport
JOG,Adisutjipto International Airport,-7.78818,110.431999,ID,Yogyakarta,medium_airport
JOI,Lauro Carneiro de Loyola Airport,-26.224501,-48.797401,BR,Joinville,medium_airport
JOL,Jolo Airport,6.05367,121.011002,PH,Jolo,medium_airport
JOS,Yakubu Gowon Airport,9.639829635620117,8.869050025939941,NG,Jos,medium_airport
JPA,Presidente Castro Pinto International Airport,-7.148691,-34.950554,BR,João Pessoa,large_airport
JRH,Jorhat Airport,26.730456,94.175416,IN,Jorhat,medium_airport
JRO,Kilimanjaro International Airport,-3.427049,37.07353,TZ,Arusha,large_airport
JSA,Jaisalmer Airport,26.8887,70.864998,IN,,medium_airport
JSH,Sitia Airport,35.21609878540039,26.101299285888672,GR,Crete Island,medium_airport
JSI,Skiathos Island National Airport,39.177101,23.5037,GR,Skiathos,medium_airport
JSJ,Jiansanjiang Shidi Airport,47.108248,132.65792,CN,Jiansanjiang,medium_airport
JSR,Jessore Airport,23.1838,89.160797,BD,Jashore (Jessore),medium_airport
JST,John Murtha Johnstown Cambria County Airport,40.31610107421875,-78.83390045166016,US,Johnstown,medium_airport
JTC,Bauru/Arealva–Moussa Nakhal Tobias State Airport,-22.160755,-49.070325,BR,Bauru,medium_airport
JTR,Santorini International Airport,36.400045,25.478638,GR,Santorini Island,large_airport
JUB,Juba International Airport,4.87201,31.601101,SS,Juba,large_airport
JUJ,Gobernador Horacio Guzman International Airport,-24.392799,-65.097801,AR,San Salvador de Jujuy,large_airport
JUL,Inca Manco Capac International Airport,-15.467689,-70.15653,PE,Juliaca,large_airport
JUZ,Quzhou Airport,28.96613,118.898793,CN,Quzhou (Kezheng),medium_airport
JXA,Jixi Xingkaihu Airport,45.293,131.193,CN,Jixi,medium_airport
JYV,Jyväskylä Airport,62.399502,25.678301,FI,Jyväskylän Maalaiskunta,medium_airport
JZH,Jiuzhai Huanglong Airport,32.853333,103.682222,CN,Ngawa (Songpan),medium_airport
KAB,Kariba Airport,-16.5198,28.885,ZW,Kariba,medium_airport
KAC,Qamishli International Airport,37.020599,41.191399,SY,Qamishli,medium_airport
KAD,Kaduna International Airport,10.696,7.32011,NG,Kaduna,large_airport
KAI,Kaieteur Airport,5.177349,-59.48898,GY,Kaieteur Falls,medium_airport
KAJ,Kajaani Airport,64.2855,27.6924,FI,Kajaani,medium_airport
KAN,Mallam Aminu Kano International Airport,12.045613,8.523566,NG,Kano,large_airport
KAO,Kuusamo Airport,65.987602,29.239401,FI,Kuusamo,medium_airport
KAT,Kaitaia Airport,-35.069837,173.287053,NZ,Awanui,medium_airport
KAW,Kawthoung Airport,10.049300193786621,98.53800201416016,MM,Kawthoung,medium_airport
KBL,Kabul International Airport,34.565899,69.212303,AF,Kabul,large_airport
KBR,Sultan Ismail Petra Airport,6.1668500900268555,102.29299926757812,MY,Kota Baharu,medium_airport
KBV,Krabi International Airport,8.095591,98.988955,TH,Krabi,large_airport
KCH,Kuching International Airport,1.487364,110.352859,MY,Kuching,large_airport
KCM,Kahramanmaraş Airport,37.5388259888,36.9535217285,TR,Kahramanmaraş,medium_airport
KCT,Koggala Airport,5.993680000305176,80.32029724121094,LK,Galle,medium_airport
KCY,Krasnoyarsk Cheremshanka Airport,56.177584,92.545881,RU,Krasnoyarsk,medium_airport
KCZ,Kochi Ryoma Airport,33.545217,133.670166,JP,Nankoku,large_airport
KDH,Ahmad Shah Baba International Airport,31.505769,65.847963,AF,Kandahar,large_airport
KDL,Kärdla Airport,58.99079895019531,22.830699920654297,EE,Kärdla,medium_airport
KDM,Kaadedhdhoo Airport,0.488131,72.996902,MV,Huvadhu Atoll,medium_airport
KDO,Kadhdhoo Airport,1.8591699600219727,73.52189636230469,MV,Kadhdhoo,medium_airport
KDU,Skardu International Airport,35.33866,75.538648,PK,Skardu,large_airport
KEF,Keflavik International Airport,63.985001,-22.6056,IS,Reykjavík,large_airport
KEJ,Alexei Leonov Kemerovo International Airport,55.2701,86.107201,RU,Kemerovo,large_airport
KEM,Kemi-Tornio Airport,65.778701782227,24.582099914551,FI,Kemi / Tornio,medium_airport
KEP,Nepalgunj Airport,28.1036,81.667,NP,Nepalgunj,medium_airport
KER,Ayatollah Hashemi Rafsanjani International Airport,30.271276,56.949692,IR,Kerman,large_airport
KET,Kengtung Airport,21.301599502563477,99.63600158691406,MM,Kengtung,medium_airport
KFS,Kastamonu Airport,41.314201,33.795799,TR,Kastamonu,medium_airport
KGA,Kananga Airport,-5.90005,22.4692,CD,Kananga,medium_airport
KGC,Kingscote Airport,-35.71390151977539,137.52099609375,AU,,medium_airport
KGD,Khrabrovo Airport,54.89161,20.598559,RU,Kaliningrad,large_airport
KGF,Sary-Arka Airport,49.670799,73.334396,KZ,Karaganda,large_airport
KGI,Kalgoorlie Boulder Airport,-30.791543,121.464586,AU,Broadwood,medium_airport
KGL,Kigali International Airport,-1.96863,30.1395,RW,Kigali,large_airport
KGP,Kogalym International Airport,62.190399169921875,74.53379821777344,RU,Kogalym,medium_airport
KGS,"Kos International Airport ""Ippokratis""",36.794523,27.09115,GR,Kos Island,large_airport
KGT,Kangding Airport,30.142464,101.73872,CN,Garzê (Kangding),medium_airport
KHD,Khoram Abad Airport,33.43539810180664,48.282901763916016,IR,,medium_airport
KHG,Kashgar Laining International Airport,39.542273,76.02023,CN,Kashgar,large_airport
KHH,Kaohsiung International Airport,22.577101,120.349998,TW,Kaohsiung (Xiaogang),large_airport
KHI,Jinnah International Airport,24.9065,67.160797,PK,Karachi,large_airport
KHK,Khark Airport,29.260503,50.322193,IR,Khark,medium_airport
KHN,Nanchang Changbei International Airport,28.864815,115.90271,CN,Nanchang,large_airport
KHS,Khasab Airport,26.171,56.240601,OM,Khasab,medium_airport
KHT,Khost International Airport,33.284605,69.80734,AF,Khost,medium_airport
KHV,Khabarovsk Novy Airport,48.528338,135.188588,RU,Khabarovsk,medium_airport
KHX,Savannah Airstrip,-0.7165,29.6997,UG,Kihihi,medium_airport
KIH,Kish International Airport,26.525427,53.980462,IR,Kish Island,large_airport
KIJ,Niigata Airport,37.954166,139.112189,JP,Niigata,large_airport
KIK,Kirkuk International Airport,35.469501,44.3489,IQ,Kirkuk,large_airport
KIM,Kimberley Airport,-28.805401,24.764872,ZA,Kimberley,large_airport
KIN,Norman Manley International Airport,17.935699462890625,-76.7874984741211,JM,Kingston,large_airport
KIR,Kerry Airport,52.180901,-9.52378,IE,Farranfore,medium_airport
KIS,Kisumu International Airport,-0.086139,34.728901,KE,Kisumu,large_airport
KIX,Kansai International Airport,34.427299,135.244003,JP,Osaka,large_airport
KJA,Krasnoyarsk International Airport,56.175743,92.485788,RU,Krasnoyarsk,large_airport
KJB,Kurnool Airport,15.716288,78.16923,IN,Orvakal,medium_airport
KJH,Kaili Huangping Airport,26.972,107.988,CN,Kaili  (Huangping),medium_airport
KJI,Burqin Kanas Airport,48.2223,86.9959,CN,Burqin,medium_airport
KJT,Kertajati International Airport,-6.647384,108.165561,ID,Kertajati,medium_airport
KKC,Khon Kaen Airport,16.466600418099997,102.783996582,TH,Khon Kaen,medium_airport
KKE,Kerikeri Airport,-35.259148,173.913317,NZ,Kerikeri,medium_airport
KKJ,Kitakyushu Airport,33.845901,131.035004,JP,Kitakyushu,large_airport
KKN,"Kirkenes Airport, Høybuktmoen",69.7258,29.8913,NO,Kirkenes,medium_airport
KKR,Kaukura Airport,-15.6633,-146.884995,PF,Raitahiti,medium_airport
KKS,Kashan Airport,33.895302,51.577,IR,Kashan,medium_airport
KKW,Kikwit Airport,-5.03577,18.785601,CD,Kikwit,medium_airport
KKX,Kikai Airport,28.321300506599997,129.927993774,JP,Kikai,medium_airport
KLH,Kolhapur Airport,16.6647,74.289398,IN,Kolhapur,medium_airport
KLO,Kalibo International Airport,11.6794,122.375999,PH,Kalibo,large_airport
KLR,Kalmar Airport,56.685501,16.2876,SE,Kalmar,medium_airport
KLU,Klagenfurt Airport,46.642502,14.3377,AT,Klagenfurt am Wörthersee,large_airport
KLV,Karlovy Vary Airport,50.202999,12.915,CZ,Karlovy Vary,large_airport
KLW,Klawock Airport,55.579201,-133.076004,US,Klawock,medium_airport
KLX,Kalamata Airport,37.06829833984375,22.02549934387207,GR,Kalamata,medium_airport
KMA,Kerema Airport,-7.96361017227,145.770996094,PG,Kerema,medium_airport
KMC,King Khaled Military City Airport,27.9009,45.528198,SA,King Khaled Military City,medium_airport
KME,Kamembe Airport,-2.462239980697632,28.907899856567383,RW,Kamembe,medium_airport
KMG,Kunming Changshui International Airport,25.110313,102.936743,CN,Kunming,large_airport
KMI,Miyazaki Airport,31.877199,131.449005,JP,Miyazaki,large_airport
KMJ,Kumamoto Airport,32.837299,130.854996,JP,Kumamoto,large_airport
KMQ,Komatsu Airport / JASDF Komatsu Air Base,36.393407,136.406895,JP,Kanazawa,large_airport
KMS,Prempeh I International Airport,6.71456,-1.59082,GH,Kumasi,large_airport
KMW,Kostroma Sokerkino Airport,57.796902,41.019402,RU,Kostroma,medium_airport
KND,Kindu Airport,-2.91917991638,25.915399551399997,CD,Kindu,medium_airport
KNG,Utarom Airport,-3.6446,133.695116,ID,Kaimana,medium_airport
KNH,Kinmen Airport,24.4279,118.359001,TW,Shang-I,medium_airport
KNO,Kualanamu International Airport,3.637847,98.870566,ID,Beringin,large_airport
KNQ,Koné Airport,-21.053551,164.838768,NC,Koné,medium_airport
KNS,King Island Airport,-39.877498626708984,143.8780059814453,AU,,medium_airport
KNU,Kanpur Airport,26.404301,80.410103,IN,Kanpur,medium_airport
KNX,East Kimberley Regional (Kununurra) Airport,-15.7781,128.707993,AU,Kununurra,medium_airport
KOA,Ellison Onizuka Kona International Airport at Keāhole,19.738783,-156.045603,US,Kailua-Kona,large_airport
KOE,El Tari Airport,-10.1716,123.670998,ID,Kupang,medium_airport
KOI,Kirkwall Airport,58.957903,-2.905077,GB,"Kirkwall, Orkney Islands",medium_airport
KOJ,Kagoshima Airport,31.8034,130.718994,JP,Kagoshima,large_airport
KOK,Kokkola-Pietarsaari Airport,63.721199,23.143101,FI,Kokkola / Kruunupyy,medium_airport
KOP,Nakhon Phanom Airport,17.383801,104.642998,TH,Nakhon Phanom,medium_airport
KOS,Sihanouk International Airport,10.570557,103.632067,KH,Preah Sihanouk,large_airport
KOV,Kokshetau International Airport,53.329102,69.594597,KZ,Kokshetau,large_airport
KPO,Pohang Airport (G-815/K-3),35.987955,129.420383,KR,Pohang,medium_airport
KPW,Keperveem Airport,67.845001,166.139999,RU,Keperveem,medium_airport
KQH,Kishangarh Airport Ajmer,26.591007,74.812956,IN,Ajmer (Kishangarh),medium_airport
KQT,Bokhtar International Airport,37.866315,68.864475,TJ,Bokhtar,large_airport
KRF,Kramfors-Sollefteå Höga Kusten Airport,63.048599,17.7689,SE,Nyland,medium_airport
KRK,Kraków John Paul II International Airport,50.077702,19.7848,PL,Balice,large_airport
KRL,Korla Licheng Airport,41.614979,86.140817,CN,Korla,medium_airport
KRN,Kiruna Airport,67.821999,20.3368,SE,Kiruna,large_airport
KRO,Kurgan Airport,55.4753,65.415604,RU,Kurgan,medium_airport
KRP,Midtjyllands Airport / Air Base Karup,56.297139,9.104311,DK,Karup,medium_airport
KRR,Krasnodar Pashkovsky International Airport,45.034465,39.174215,RU,Krasnodar,large_airport
KRS,Kristiansand Airport,58.204201,8.08537,NO,Kristiansand(Kjevik),large_airport
KRT,Khartoum International Airport,15.5895,32.5532,SD,Khartoum,large_airport
KRW,Turkmenbaşy International Airport,40.062833,53.005085,TM,Turkmenbaşy,medium_airport
KSA,Kosrae International Airport,5.35698,162.957993,FM,Okat,large_airport
KSC,Košice International Airport,48.663101,21.2411,SK,Košice,medium_airport
KSD,Karlstad Airport,59.444698,13.3374,SE,Karlstad,medium_airport
KSF,Kassel Airport,51.418395,9.391638,DE,Calden,large_airport
KSH,Shahid Ashrafi Esfahani Airport,34.3459014893,47.1581001282,IR,Kermanshah,medium_airport
KSL,Kassala Airport,15.387499809265137,36.328800201416016,SD,Kassala,medium_airport
KSN,Kostanay International Airport,53.206902,63.550301,KZ,Kostanay,large_airport
KSU,"Kristiansund Airport, Kvernberget",63.111801,7.82452,NO,Kvernberget,medium_airport
KSY,Kars Airport,40.562198638916016,43.1150016784668,TR,Kars,medium_airport
KSZ,Kotlas Airport,61.235801696777344,46.6974983215332,RU,Kotlas,medium_airport
KTA,Karratha Airport,-20.712200164799995,116.773002625,AU,Karratha,medium_airport
KTD,Kitadaito Airport,25.9447002411,131.32699585,JP,Kitadaitōjima,medium_airport
KTG,Rahadi Osman Airport,-1.817165,109.963469,ID,Ketapang,medium_airport
KTI,Techo International Airport,11.359987,104.921272,KH,Phnom Penh (Boeng Khyang),large_airport
KTM,Tribhuvan International Airport,27.6966,85.3591,NP,Kathmandu,large_airport
KTN,Ketchikan International Airport,55.35559845,-131.7140045,US,Ketchikan,medium_airport
KTP,Tinson Pen Airport,17.98859977722168,-76.82379913330078,JM,Tinson Pen,medium_airport
KTT,Kittilä International Airport,67.700996,24.8468,FI,Kittilä,large_airport
KTW,Katowice Wojciech Korfanty International Airport,50.476015,19.080705,PL,Katowice,large_airport
KUA,Kuantan Airport,3.7753899097442627,103.20899963378906,MY,Kuantan,medium_airport
KUF,Kurumoch International Airport,53.504902,50.164299,RU,Samara,large_airport
KUH,Kushiro Airport,43.041,144.192993,JP,Kushiro,medium_airport
KUL,Kuala Lumpur International Airport,2.74558,101.709999,MY,Sepang,large_airport
KUM,Yakushima Airport,30.385599,130.658997,JP,Yakushima,medium_airport
KUN,Kaunas International Airport,54.963965,24.08582,LT,Kaunas,large_airport
KUO,Kuopio Airport,63.007099,27.7978,FI,Kuopio / Siilinjärvi,large_airport
KUS,Kulusuk Airport,65.573601,-37.1236,GL,Kulusuk,medium_airport
KUT,David the Builder Kutaisi International Airport,42.177448,42.485353,GE,Kopitnari,large_airport
KUU,Kullu Manali Airport,31.876699,77.154404,IN,Bhuntar,medium_airport
KUV,Gunsan Airport / Gunsan Air Base,35.903801,126.615997,KR,Gunsan,medium_airport
KVA,Kavala Alexander the Great International Airport,40.9133,24.6192,GR,Kavala,large_airport
KVG,Kavieng Airport,-2.57940006256,150.807998657,PG,Kavieng,medium_airport
KVO,Morava Airport,43.817519,20.586662,RS,Kraljevo,medium_airport
KVX,Pobedilovo Airport,58.503883,49.347831,RU,Kirov,medium_airport
KWA,Bucholz Army Air Field,8.720120429992676,167.73199462890625,MH,Kwajalein,medium_airport
KWE,Guiyang Longdongbao International Airport,26.541805,106.80402,CN,Guiyang (Nanming),large_airport
KWI,Kuwait International Airport,29.224487,47.969813,KW,Kuwait City,large_airport
KWJ,Gwangju Airport,35.123173,126.805444,KR,Gwangju,medium_airport
KWL,Guilin Liangjiang International Airport,25.219828,110.039553,CN,Guilin (Lingui),large_airport
KWM,Kowanyama Airport,-15.485369,141.752572,AU,Kowanyama,medium_airport
KWZ,Kolwezi Airport,-10.7659,25.505699,CD,Kolwezi,medium_airport
KXB,Sangia Nibandera Airport,-4.338158,121.524047,ID,Kolaka,medium_airport
KXK,Komsomolsk-on-Amur Airport,50.409,136.934006,RU,Komsomolsk-on-Amur,medium_airport
KYA,Konya Airport,37.979,32.561901,TR,Konya,large_airport
KYD,Lanyu Airport,22.027000427246094,121.53500366210938,TW,Orchid Island,medium_airport
KYP,Kyaukpyu Airport,19.42639923095703,93.53479766845703,MM,Kyaukpyu,medium_airport
KYS,Kayes Dag Dag Airport,14.482521,-11.399335,ML,Kayes,medium_airport
KYZ,Kyzyl Airport,51.669399,94.400597,RU,Kyzyl,medium_airport
KZI,Kozani National Airport Filippos,40.286098,21.840799,GR,Kozani,medium_airport
KZN,Kazan International Airport,55.606201,49.278702,RU,Kazan,large_airport
KZO,Korkyt Ata International Airport,44.706902,65.592499,KZ,Kyzylorda,large_airport
KZR,Zafer Airport,39.111107,30.130405,TR,Altıntaş,medium_airport
LAD,Quatro de Fevereiro International Airport,-8.85837,13.2312,AO,Luanda,large_airport
LAE,Nadzab Tomodachi International Airport,-6.567995,146.726544,PG,Lae,large_airport
LAF,Purdue University Airport,40.412875,-86.939363,US,West Lafayette,medium_airport
LAJ,Lages Airport,-27.782101,-50.281502,BR,Lages,medium_airport
LAL,Lakeland Linder International Airport,27.989267,-82.020715,US,Lakeland,medium_airport
LAN,Capital Region International Airport,42.777582,-84.585721,US,Lansing,medium_airport
LAO,Laoag International Airport,18.175089,120.531006,PH,Laoag City,large_airport
LAP,Manuel Márquez de León International Airport,24.072331,-110.362662,MX,La Paz,medium_airport
LAQ,Al Abraq International Airport,32.789036,21.954864,LY,Al Albraq,large_airport
LAR,Laramie Regional Airport,41.31209945678711,-105.67500305175781,US,Laramie,medium_airport
LAS,Harry Reid International Airport,36.083361,-115.151817,US,Las Vegas,large_airport
LAU,Manda Airport,-2.252431,40.912892,KE,Lamu,medium_airport
LAW,Lawton Fort Sill Regional Airport,34.567699,-98.416603,US,Lawton,medium_airport
LAX,Los Angeles International Airport,33.942501,-118.407997,US,Los Angeles,large_airport
LBA,Leeds Bradford Airport,53.865898,-1.66057,GB,"Leeds, West Yorkshire",large_airport
LBB,Lubbock Preston Smith International Airport,33.663601,-101.822998,US,Lubbock,medium_airport
LBC,Lübeck Blankensee Airport,53.805401,10.7192,DE,Lübeck,medium_airport
LBD,Khujand International Airport,40.215401,69.694702,TJ,Khujand,large_airport
LBE,Arnold Palmer Regional Airport,40.275902,-79.4048,US,Latrobe,medium_airport
LBF,North Platte Regional Airport Lee Bird Field,41.12620163,-100.6839981,US,North Platte,medium_airport
LBL,Liberal Mid-America Regional Airport,37.0442009,-100.9599991,US,Liberal,medium_airport
LBS,Labasa Airport,-16.4667,179.339996,FJ,Labasa,medium_airport
LBU,Labuan Airport,5.301667,115.248333,MY,Labuan,medium_airport
LBV,Libreville Leon M'ba International Airport,0.458951,9.41214,GA,Libreville,large_airport
LCA,Larnaca International Airport,34.875099,33.624901,CY,Larnaca,large_airport
LCE,Golosón International Airport,15.7425,-86.852997,HN,La Ceiba,medium_airport
LCG,A Coruña Airport,43.302101,-8.37726,ES,Culleredo,medium_airport
LCH,Lake Charles Regional Airport,30.126100540161133,-93.22329711914062,US,Lake Charles,medium_airport
LCJ,Łódź Władysław Reymont Airport,51.721901,19.3981,PL,Łódź,large_airport
LCK,Rickenbacker International Airport,39.813801,-82.927803,US,Columbus,medium_airport
LCX,Liancheng Guanzhishan Airport,25.67592,116.745907,CN,Longyan (Liancheng),medium_airport
LCY,London City Airport,51.505299,0.055278,GB,London,medium_airport
LDB,Governor José Richa Airport,-23.334375,-51.128365,BR,Londrina,medium_airport
LDE,Tarbes-Lourdes-Pyrénées Airport,43.178699,-0.006439,FR,Tarbes/Lourdes/Pyrénées,medium_airport
LDS,Yichun Lindu Airport,47.752056,129.019125,CN,Yichun,medium_airport
LDU,Lahad Datu Airport,5.03241,118.32376,MY,Lahad Datu,medium_airport
LDX,Saint-Laurent-du-Maroni Airport,5.481891,-54.034964,GF,Saint-Laurent-du-Maroni,medium_airport
LDY,City of Derry Airport,55.042801,-7.16111,GB,"Derry, Derry and Strabane",medium_airport
LEA,Learmonth Airport,-22.235201,114.090024,AU,Exmouth,medium_airport
LEB,Lebanon Municipal Airport,43.626098632799994,-72.30419921880001,US,Lebanon,medium_airport
LED,Pulkovo Airport,59.800301,30.262501,RU,St. Petersburg,large_airport
LEI,Almería Airport,36.843899,-2.3701,ES,Almería,medium_airport
LEJ,Leipzig/Halle Airport,51.420657,12.232705,DE,Schkeuditz,large_airport
LEN,León Airport,42.590709,-5.653406,ES,La Virgen del Camino,medium_airport
LER,Leinster Airport,-27.843299865722656,120.7030029296875,AU,,medium_airport
LET,Alfredo Vásquez Cobo International Airport,-4.191147,-69.942003,CO,Leticia,medium_airport
LEU,Pirineus - la Seu d'Urgel Airport,42.3386,1.40917,ES,La Seu d'Urgell Pyrenees and Andorra,medium_airport
LEX,Blue Grass Airport,38.035066,-84.606738,US,Lexington,medium_airport
LFM,Lamerd Airport,27.3727,53.188801,IR,Lamerd,medium_airport
LFQ,Linfen Yaodu Airport,36.132629,111.641236,CN,Linfen (Yaodu),medium_airport
LFT,Lafayette Regional Airport,30.205299,-91.987602,US,Lafayette,medium_airport
LFW,Lomé–Tokoin International Airport,6.16561,1.25451,TG,Lomé,large_airport
LGA,LaGuardia Airport,40.777199,-73.872597,US,New York,large_airport
LGB,Long Beach International Airport,33.816523,-118.149891,US,Long Beach,large_airport
LGG,Liège Airport,50.638574,5.443897,BE,Grâce-Hollogne,medium_airport
LGI,Deadman's Cay Airport,23.1790008545,-75.09359741210001,BS,Deadman's Cay,medium_airport
LGK,Langkawi International Airport,6.32973,99.728699,MY,Langkawi,large_airport
LGW,London Gatwick Airport,51.148744,-0.185739,GB,London,large_airport
LHE,Allama Iqbal International Airport,31.521601,74.403603,PK,Lahore,large_airport
LHG,Lightning Ridge Airport,-29.452857,147.977146,AU,,medium_airport
LHL,Lachin International Airport,39.883787,46.363137,AZ,Lachin,medium_airport
LHR,London Heathrow Airport,51.470748,-0.459909,GB,London,large_airport
LHS,Las Heras Airport,-46.538517,-68.965323,AR,Las Heras,medium_airport
LHW,Lanzhou Zhongchuan International Airport,36.515202,103.620003,CN,Lanzhou (Yongdeng),large_airport
LIF,Lifou Airport,-20.774563,167.239328,NC,Lifou,medium_airport
LIG,Limoges Airport,45.862801,1.17944,FR,Limoges/Bellegarde,medium_airport
LIH,Lihue Airport,21.974393,-159.337146,US,"Lihue, Kauai",large_airport
LIL,Lille Airport,50.566564,3.102429,FR,Lesquin,large_airport
LIM,Jorge Chávez International Airport,-12.0219,-77.114305,PE,Lima,large_airport
LIN,Milano Linate Airport,45.445099,9.27674,IT,Segrate (MI),large_airport
LIO,Limón International Airport,9.95796,-83.022003,CR,Limón,medium_airport
LIR,Daniel Oduber Quirós International Airport,10.5933,-85.544403,CR,Liberia,large_airport
LIS,Lisbon Humberto Delgado Airport,38.7813,-9.13592,PT,Lisbon,large_airport
LIT,Bill & Hillary Clinton National Airport/Adams Field,34.729222,-92.223591,US,Little Rock,medium_airport
LIW,Loikaw Airport,19.691499710083008,97.21479797363281,MM,Loikaw,medium_airport
LJG,Lijiang Sanyi International Airport,26.677483,100.244944,CN,Lijiang,large_airport
LJU,Ljubljana Jože Pučnik Airport,46.223701,14.4576,SI,Zgornji Brnik,large_airport
LKL,"Lakselv Airport, Banak",70.068802,24.973499,NO,Lakselv,medium_airport
LKN,Leknes Airport,68.152496337891,13.609399795532,NO,Leknes,medium_airport
LKO,Chaudhary Charan Singh International Airport,26.760599,80.889297,IN,Lucknow,large_airport
LLA,Luleå Airport,65.5438,22.122,SE,Luleå,large_airport
LLF,Yongzhou Lingling Airport,26.338661,111.610043,CN,Yongzhou,medium_airport
LLV,Lüliang Dawu Airport,37.683333,111.142778,CN,Lüliang,medium_airport
LLW,Kamuzu International Airport,-13.7894,33.780998,MW,Lumbadzi,large_airport
LMM,Valle del Fuerte International Airport,25.685503,-109.081159,MX,Los Mochis,medium_airport
LMN,Limbang Airport,4.808300018310547,115.01000213623047,MY,Limbang,medium_airport
LMP,Lampedusa Airport,35.497898,12.6181,IT,Lampedusa,medium_airport
LNJ,Lincang Boshang Airport,23.7381,100.025002,CN,Lincang,medium_airport
LNK,Lincoln Airport,40.844882,-96.76178,US,Lincoln,medium_airport
LNL,Longnan Chengzhou Airport,33.789918,105.790014,CN,Longnan (Cheng),medium_airport
LNO,Leonora Airport,-28.87809944152832,121.31500244140625,AU,Leonora,medium_airport
LNS,Lancaster Airport,40.121700286865234,-76.29609680175781,US,Lancaster,medium_airport
LNY,Lanai Airport,20.785675,-156.951324,US,Lanai City,medium_airport
LNZ,Linz-Hörsching Airport,48.235362,14.188128,AT,Linz,large_airport
LOE,Loei Airport,17.43910026550293,101.72200012207031,TH,,medium_airport
LOO,Laghouat - Molay Ahmed Medeghri Airport,33.7644,2.92834,DZ,Laghouat,medium_airport
LOP,Lombok International Airport,-8.759962,116.278169,ID,"Mataram (Pujut, Lombok Tengah)",large_airport
LOS,Murtala Muhammed International Airport,6.57737,3.32116,NG,Lagos,large_airport
LPA,Gran Canaria Airport,27.9319,-15.3866,ES,Gran Canaria Island,large_airport
LPB,El Alto International Airport,-16.510272,-68.189416,BO,La Paz / El Alto,large_airport
LPF,Liupanshui Yuezhao Airport,26.609417,104.979,CN,Liupanshui (Zhongshan),medium_airport
LPI,Linköping City Airport,58.404909,15.684499,SE,Linköping,large_airport
LPL,Liverpool John Lennon Airport,53.334863,-2.849637,GB,Liverpool,large_airport
LPP,Lappeenranta Airport,61.044601,28.144743,FI,Lappeenranta,large_airport
LPQ,Luang Phabang International Airport,19.904273,102.167191,LA,Luang Phabang,large_airport
LPT,Lampang Airport,18.27090072631836,99.50420379638672,TH,,medium_airport
LRD,Laredo International Airport,27.5438,-99.461601,US,Laredo,medium_airport
LRE,Longreach Airport,-23.43202,144.277492,AU,Longreach,medium_airport
LRH,La Rochelle Île de Ré Airport,46.179199,-1.19528,FR,La Rochelle,medium_airport
LRM,Casa De Campo International Airport,18.452222,-68.911111,DO,La Romana,large_airport
LRR,Lar Airport,27.6747,54.383301,IR,Lar,medium_airport
LRU,Las Cruces International Airport,32.289398,-106.921997,US,Las Cruces,medium_airport
LSC,La Florida Airport,-29.916201,-71.199501,CL,La Serena-Coquimbo,medium_airport
LSE,La Crosse Regional Airport,43.879002,-91.256699,US,La Crosse,medium_airport
LSG,Leshan Airport,29.438627,103.749218,CN,Leshan (Wutongqiao),medium_airport
LSH,Lashio Airport,22.9778995513916,97.752197265625,MM,Lashio,medium_airport
LSI,Sumburgh Airport,59.878899,-1.29556,GB,"Lerwick, Shetland",medium_airport
LSP,Josefa Camejo International Airport,11.780775,-70.151497,VE,Paraguaná,medium_airport
LSR,Alas Leuser Airport,3.391456,97.863726,ID,Kutacane,medium_airport
LST,Launceston Airport,-41.544935,147.210785,AU,Launceston (Western Junction),medium_airport
LSY,Lismore Airport,-28.830689,153.258419,AU,Lismore,medium_airport
LTD,Ghadames Airport,30.145484,9.702095,LY,Ghadames,medium_airport
LTI,Altai Airport,46.376399993896484,96.22109985351562,MN,Altai,medium_airport
LTK,Latakia International Airport,35.4011,35.9487,SY,Latakia,medium_airport
LTM,Lethem Airport,3.37276,-59.789398,GY,Lethem,medium_airport
LTN,London Luton Airport,51.874699,-0.368333,GB,"Luton, Luton",large_airport
LTO,Loreto International Airport,25.989549,-111.348408,MX,Loreto,large_airport
LTU,Murod Kond Airport,18.411501,76.464699,IN,Latur,medium_airport
LTX,Cotopaxi International Airport,-0.906833,-78.615799,EC,Latacunga,medium_airport
LUA,Tenzing-Hillary Airport,27.686768,86.729479,NP,Lukla,medium_airport
LUD,Luderitz Airport,-26.687400817871094,15.242899894714355,NA,Luderitz,medium_airport
LUG,Lugano Airport,46.004299,8.91058,CH,Agno,medium_airport
LUK,Cincinnati Municipal Airport Lunken Field,39.102357,-84.418945,US,Cincinnati,medium_airport
LUM,Dehong Mangshi International Airport,24.4011,98.5317,CN,Dehong (Mangshi),medium_airport
LUN,Kenneth Kaunda International Airport,-15.330833,28.452722,ZM,Lusaka,large_airport
LUQ,Brigadier Mayor D Cesar Raul Ojeda Airport,-33.273201,-66.3564,AR,San Luis,medium_airport
LUR,Cape Lisburne LRRS Airport,68.875099,-166.110001,US,Cape Lisburne,medium_airport
LUV,Karel Sadsuitubun Airport,-5.760278,132.759444,ID,Langgur,medium_airport
LUX,Luxembourg-Findel International Airport,49.626845,6.212134,LU,Luxembourg,large_airport
LUZ,Lublin Airport,51.240157,22.713461,PL,Lublin,large_airport
LVI,Harry Mwanga Nkumbula International Airport,-17.821524,25.819642,ZM,Livingstone,large_airport
LWB,Greenbrier Valley Airport,37.857914,-80.400438,US,Lewisburg,medium_airport
LWN,Shirak International Airport,40.750401,43.859299,AM,Gyumri,large_airport
LWS,Lewiston Nez Perce County Airport,46.3745002746582,-117.01499938964844,US,Lewiston,medium_airport
LXA,Lhasa Gonggar International Airport,29.298001,90.911951,CN,Shannan (Gonggar),large_airport
LXR,Luxor International Airport,25.671018,32.706446,EG,Luxor,large_airport
LYA,Luoyang Beijiao Airport,34.7411,112.388,CN,Luoyang (Laocheng),large_airport
LYC,Lycksele Airport,64.548302,18.7162,SE,Lycksele,medium_airport
LYG,Lianyungang Huaguoshan International Airport,34.41406,119.17899,CN,Lianyungang,large_airport
LYH,Lynchburg Regional Airport - Preston Glenn Field,37.326698,-79.200401,US,Lynchburg,medium_airport
LYI,Linyi Qiyang Airport,35.052918,118.411828,CN,Linyi (Hedong),medium_airport
LYP,Faisalabad International Airport,31.364923,72.995319,PK,Faisalabad,large_airport
LYR,"Svalbard Airport, Longyear",78.246101,15.4656,NO,Longyearbyen,medium_airport
LYS,Lyon Saint-Exupéry Airport,45.725996,5.090139,FR,"Colombier-Saugnieu, Rhône",large_airport
LZG,Langzhong Gucheng Airport,31.50191,106.034417,CN,Nanchong (Langzhong),medium_airport
LZH,Liuzhou Bailian Airport / Bailian Air Base,24.2075,109.390999,CN,Liuzhou (Liujiang),medium_airport
LZN,Matsu Nangan Airport,26.159656,119.958376,TW,Matsu (Nangan),medium_airport
LZO,Luzhou Yunlong Airport,29.030357,105.468407,CN,Luzhou (Yunlong),medium_airport
LZY,Nyingchi Mainling Airport,29.303301,94.335297,CN,Nyingchi (Mainling),medium_airport
MAA,Chennai International Airport,12.990005,80.169296,IN,Chennai,large_airport
MAB,João Correa da Rocha Airport,-5.36859,-49.138,BR,Marabá,medium_airport
MAD,Adolfo Suárez Madrid–Barajas Airport,40.493407,-3.572249,ES,Madrid,large_airport
MAF,Midland International Air and Space Port,31.942499,-102.202003,US,Midland,medium_airport
MAG,Madang Airport,-5.20707988739,145.789001465,PG,Madang,medium_airport
MAH,Menorca Airport,39.862598,4.21865,ES,Mahón (Maó),large_airport
MAJ,Marshall Islands International Airport,7.06511,171.271656,MH,Majuro Atoll,large_airport
MAK,Malakal International Airport,9.558739,31.651937,SS,Malakal,medium_airport
MAM,General Servando Canales International Airport,25.7698993683,-97.5252990723,MX,Matamoros,medium_airport
MAN,Manchester Airport,53.349375,-2.279521,GB,"Manchester, Greater Manchester",large_airport
MAO,Eduardo Gomes International Airport,-3.03861,-60.049702,BR,Manaus,large_airport
MAQ,Mae Sot Airport,16.699899673461914,98.54509735107422,TH,,medium_airport
MAR,La Chinita International Airport,10.557542,-71.729307,VE,Maracaibo,large_airport
MAS,Momote Airport,-2.06189,147.423996,PG,Manus Island,medium_airport
MAU,Maupiti Airport,-16.42650032043457,-152.24400329589844,PF,,medium_airport
MAZ,Eugenio Maria De Hostos Airport,18.255699,-67.148499,PR,Mayaguez,medium_airport
MBA,Moi International Airport,-4.03483,39.5942,KE,Mombasa,large_airport
MBD,Mmabatho International Airport,-25.798400878900004,25.548000335699996,ZA,Mafeking,medium_airport
MBE,Monbetsu Airport,44.303901672399995,143.404006958,JP,Monbetsu,medium_airport
MBI,Songwe Airport,-8.919942,33.273981,TZ,Mbeya,medium_airport
MBJ,Sangster International Airport,18.50342,-77.91323,JM,Montego Bay,large_airport
MBS,MBS International Airport,43.533181,-84.083104,US,Freeland,medium_airport
MBT,Moises R. Espinosa Airport,12.369682,123.630095,PH,Masbate,medium_airport
MBW,Melbourne Moorabbin Airport,-37.977765,145.099799,AU,Melbourne,medium_airport
MBX,Maribor Edvard Rusjan Airport,46.4799,15.6861,SI,Maribor,medium_airport
MCE,Merced Regional Macready Field,37.284698,-120.514,US,Merced,medium_airport
MCG,McGrath Airport,62.95289993,-155.6060028,US,McGrath,medium_airport
MCI,Kansas City International Airport,39.301699,-94.713893,US,Kansas City,large_airport
MCK,McCook Ben Nelson Regional Airport,40.207787,-100.592794,US,McCook,medium_airport
MCN,Middle Georgia Regional Airport,32.69279861450195,-83.64920043945312,US,Macon,medium_airport
MCO,Orlando International Airport,28.429399490356445,-81.30899810791016,US,Orlando,large_airport
MCP,Macapá - Alberto Alcolumbre International Airport,0.050664,-51.072201,BR,Macapá,medium_airport
MCT,Muscat International Airport,23.600218,58.285268,OM,Muscat/Seeb,large_airport
MCW,Mason City Municipal Airport,43.159801,-93.329716,US,Mason City,medium_airport
MCX,Makhachkala Uytash International Airport,42.816799,47.652302,RU,Makhachkala,large_airport
MCY,Sunshine Coast Airport,-26.593324,153.08319,AU,Maroochydore,large_airport
MCZ,Zumbi dos Palmares International Airport,-9.512559,-35.791839,BR,Maceió,large_airport
MDC,Sam Ratulangi International Airport,1.548591,124.92625,ID,Manado,large_airport
MDE,Jose Maria Córdova International Airport,6.16454,-75.4231,CO,Medellín,large_airport
MDG,Mudanjiang Hailang International Airport,44.525172,129.568634,CN,Mudanjiang,medium_airport
MDI,Makurdi Airport,7.70388,8.61394,NG,Makurdi,medium_airport
MDK,Mbandaka Airport,0.0226000007242,18.2887001038,CD,Mbandaka,medium_airport
MDL,Mandalay International Airport,21.702199935913086,95.97789764404297,MM,Mandalay,large_airport
MDQ,Ástor Piazzola International Airport,-37.9342,-57.5733,AR,Mar del Plata,medium_airport
MDT,Harrisburg International Airport,40.192838,-76.762333,US,Harrisburg,medium_airport
MDU,Mendi Airport,-6.14774,143.656998,PG,Mendi,medium_airport
MDW,Chicago Midway International Airport,41.785999,-87.752403,US,Chicago,large_airport
MDZ,Governor Francisco Gabrielli International Airport,-32.831699,-68.7929,AR,Mendoza,large_airport
MEB,Melbourne Essendon Airport,-37.7281,144.901993,AU,Essendon Fields,medium_airport
MEC,Eloy Alfaro International Airport,-0.9460780024528503,-80.67880249023438,EC,Manta,medium_airport
MED,Prince Mohammad Bin Abdulaziz Airport,24.5534,39.705101,SA,Medina,large_airport
MEE,Maré Airport,-21.482438,168.038465,NC,Maré,medium_airport
MEG,Malanje Airport,-9.525090217590332,16.312400817871094,AO,Malanje,medium_airport
MEH,Mehamn Airport,71.029701,27.8267,NO,Mehamn,medium_airport
MEI,Key Field / Meridian Regional Airport,32.3326,-88.7519,US,Meridian,medium_airport
MEL,Melbourne Airport,-37.670732,144.837898,AU,Melbourne,large_airport
MEM,Frederick W. Smith International Airport,35.043845,-89.97634,US,Memphis,large_airport
MEQ,Cut Nyak Dhien Airport,4.040998,96.253312,ID,Kuala Pesisir,medium_airport
MEX,Mexico City Benito Juárez International Airport,19.435822,-99.07033,MX,Mexico City,large_airport
MFE,McAllen Miller International Airport,26.176141,-98.237965,US,McAllen,medium_airport
MFK,Matsu Beigan Airport,26.22414,120.002679,TW,Matsu (Beigan),medium_airport
MFM,Macau International Airport,22.149599,113.592003,MO,Nossa Senhora do Carmo,large_airport
MFR,Rogue Valley International-Medford Airport,42.374199,-122.873001,US,Medford,medium_airport
MFU,Mfuwe International Airport,-13.2589,31.9366,ZM,Mfuwe,large_airport
MGA,Augusto C. Sandino (Managua) International Airport,12.1415,-86.168198,NI,Managua,large_airport
MGB,Mount Gambier Airport,-37.744382,140.780561,AU,Mount Gambier,medium_airport
MGC,Michigan City Municipal Airport,41.7033,-86.821198,US,Michigan City,medium_airport
MGF,Regional de Maringá - Sílvio Name Júnior Airport,-23.47606,-52.016187,BR,Maringá,medium_airport
MGH,Margate Airport,-30.8574008942,30.343000412,ZA,Margate,medium_airport
MGM,Montgomery Regional (Dannelly Field) Airport,32.300598,-86.393997,US,Montgomery,medium_airport
MGQ,Aden Adde International Airport,2.01444,45.304699,SO,Mogadishu,large_airport
MGW,Morgantown Municipal Airport Walter L. (Bill) Hart Field,39.643305,-79.917598,US,Morgantown,medium_airport
MGZ,Myeik Airport,12.439800262451172,98.62149810791016,MM,Mkeik,medium_airport
MHD,Mashhad International Airport,36.234821,59.642949,IR,Mashhad,large_airport
MHG,Mannheim-City Airport,49.473057,8.514167,DE,Mannheim,medium_airport
MHH,Leonard M. Thompson International Airport,26.510711,-77.084262,BS,Marsh Harbour,medium_airport
MHK,Manhattan Regional Airport,39.14099884033203,-96.6707992553711,US,Manhattan,medium_airport
MHQ,Mariehamn Airport,60.1222,19.898199,FI,Mariehamn,medium_airport
MHT,Manchester-Boston Regional Airport,42.932598,-71.435699,US,Manchester,medium_airport
MHU,Mount Hotham Airport,-37.0475006104,147.333999634,AU,Mount Hotham,medium_airport
MIA,Miami International Airport,25.796011,-80.289751,US,Miami,large_airport
MID,Manuel Crescencio Rejón International Airport,20.930485,-89.645462,MX,Mérida,large_airport
MIG,Mianyang Nanjiao Airport,31.428101,104.740997,CN,Mianyang (Fucheng),medium_airport
MII,Frank Miloye Milenkowichi–Marília State Airport,-22.196899,-49.926485,BR,Marília,medium_airport
MIM,Merimbula Airport,-36.9085998535,149.901000977,AU,Merimbula,medium_airport
MIR,Monastir Habib Bourguiba International Airport,35.75809860229492,10.75469970703125,TN,Monastir,medium_airport
MIU,Maiduguri International Airport,11.854163,13.080702,NG,Maiduguri,large_airport
MJF,"Mosjøen Airport, Kjærstad",65.783997,13.2149,NO,Mosjøen,medium_airport
MJI,Mitiga International Airport,32.89177,13.287878,LY,Tripoli,large_airport
MJK,Shark Bay Airport,-25.897294,113.575802,AU,Denham,medium_airport
MJM,Mbuji Mayi Airport,-6.121240139010001,23.569000244099996,CD,Mbuji Mayi,medium_airport
MJN,Amborovy Airport,-15.666842,46.351233,MG,Mahajanga,large_airport
MJT,Mytilene International Airport,39.057406,26.598629,GR,Mytilene,medium_airport
MJZ,Mirny Airport,62.534698486328125,114.03900146484375,RU,Mirny,medium_airport
MKE,General Mitchell International Airport,42.947201,-87.896599,US,Milwaukee,large_airport
MKG,Muskegon County Airport,43.169498,-86.238197,US,Muskegon,medium_airport
MKK,Molokai Airport,21.152901,-157.095993,US,Kaunakakai,medium_airport
MKL,McKellar-Sipes Regional Airport,35.599899,-88.915604,US,Jackson,medium_airport
MKM,Mukah Airport,2.881944,112.043333,MY,Mukah,medium_airport
MKP,Makemo Airport,-16.5839,-143.658005,PF,Makemo,medium_airport
MKQ,Mopah International Airport,-8.523898,140.419693,ID,Merauke,medium_airport
MKR,Meekatharra Airport,-26.6117000579834,118.5479965209961,AU,,medium_airport
MKU,Makokou Airport,0.5792109966278076,12.890899658203125,GA,Makokou,medium_airport
MKW,Rendani Airport,-0.891833,134.048996,ID,Manokwari,medium_airport
MKY,Mackay Airport,-21.170816,149.182588,AU,Mackay,medium_airport
MKZ,Malacca International Airport,2.265613,102.252778,MY,Malacca,medium_airport
MLA,Malta International Airport,35.845932,14.491546,MT,Valletta,large_airport
MLB,Melbourne Orlando International Airport,28.102009,-80.641088,US,Melbourne,medium_airport
MLE,Velana International Airport,4.19183,73.529099,MV,Malé,large_airport
MLG,Abdul Rachman Saleh Airport,-7.929099,112.714233,ID,Malang,medium_airport
MLI,Quad City International Airport,41.448502,-90.5075,US,Moline,medium_airport
MLM,General Francisco J. Mujica International Airport,19.849899,-101.025002,MX,Morelia,large_airport
MLN,Melilla Airport,35.2798,-2.95626,ES,Melilla,medium_airport
MLU,Monroe Regional Airport,32.510899,-92.037697,US,Monroe,medium_airport
MLW,Spriggs Payne Airport,6.28906,-10.7587,LR,Monrovia,medium_airport
MLX,Malatya Erhaç Airport,38.435298919699996,38.0909996033,TR,Malatya,medium_airport
MMB,Memanbetsu Airport,43.8805999756,144.164001465,JP,Ōzora,medium_airport
MMD,Minamidaito Airport,25.8465,131.263,JP,Minamidaito,medium_airport
MME,Teesside International Airport,54.509201,-1.42941,GB,"Darlington, Durham",medium_airport
MMG,Mount Magnet Airport,-28.116100311279297,117.84200286865234,AU,,medium_airport
MMH,Mammoth Yosemite Airport,37.625381,-118.84306,US,Mammoth Lakes,medium_airport
MMJ,Shinshu-Matsumoto Airport,36.166801,137.923004,JP,Matsumoto,medium_airport
MMK,Emperor Nicholas II Murmansk Airport,68.7817,32.750801,RU,Murmansk,large_airport
MMO,Maio Airport,15.155900001525879,-23.213699340820312,CV,Vila do Maio,medium_airport
MMX,Malmö Sturup Airport,55.535564,13.376327,SE,Malmö,large_airport
MMY,Miyako Airport,24.782801,125.294998,JP,Miyakojima,medium_airport
MNC,Nacala International Airport,-14.4882,40.7122,MZ,Nacala,medium_airport
MNG,Maningrida Airport,-12.0560998917,134.23399353,AU,Maningrida,medium_airport
MNI,John A. Osborne Airport,16.791835,-62.193204,MS,Gerald's Park,large_airport
MNJ,Mananjary Airport,-21.201799,48.358299,MG,Mananjary,medium_airport
MNL,Ninoy Aquino International Airport,14.5086,121.019997,PH,Manila (Pasay),large_airport
MNX,Manicoré Airport,-5.81138,-61.278301,BR,Manicoré,medium_airport
MOB,Mobile Regional Airport,30.6912,-88.242798,US,Mobile,medium_airport
MOC,Mário Ribeiro Airport,-16.706919,-43.818901,BR,Montes Claros,medium_airport
MOG,Mong Hsat Airport,20.516799926757812,99.25679779052734,MM,Mong Hsat,medium_airport
MOL,"Molde Airport, Årø",62.744701,7.2625,NO,Årø,medium_airport
MOQ,Morondava Airport,-20.2847,44.3176,MG,Morondava,medium_airport
MOT,Minot International Airport,48.25801,-101.279123,US,Minot,medium_airport
MOV,Moranbah Airport,-22.057800293,148.07699585,AU,Moranbah,medium_airport
MOZ,Moorea Temae Airport,-17.48979,-149.761777,PF,Moorea-Maiao,medium_airport
MPA,Katima Mulilo Airport,-17.634258,24.176688,NA,Mpacha,medium_airport
MPH,Godofredo P. Ramos Airport,11.9245,121.954002,PH,Caticlan,medium_airport
MPL,Montpellier-Méditerranée Airport,43.576199,3.96301,FR,Montpellier/Méditerranée,large_airport
MPM,Maputo Airport,-25.920799,32.572601,MZ,Maputo,large_airport
MPN,Mount Pleasant Airport / RAF Mount Pleasant,-51.822642,-58.445777,FK,Mount Pleasant,medium_airport
MPY,Maripasoula Airport,3.655907,-54.039431,GF,Maripasoula,medium_airport
MQF,Magnitogorsk International Airport,53.391991,58.755235,RU,Magnitogorsk,large_airport
MQJ,Moma Airport,66.450861,143.261551,RU,Khonuu,medium_airport
MQL,Mildura Airport,-34.229198455799995,142.085998535,AU,Mildura,medium_airport
MQM,Mardin Airport,37.223300933800004,40.6316986084,TR,Mardin,medium_airport
MQN,"Mo i Rana Airport, Røssvoll",66.363899230957,14.301400184631,NO,Mo i Rana,medium_airport
MQP,Kruger Mpumalanga International Airport,-25.383327,31.105325,ZA,Mbombela,large_airport
MQS,Mustique Airport,12.8879,-61.180199,VC,Lovell,medium_airport
MQT,Marquette Sawyer Regional Airport,46.351498,-87.395884,US,Gwinn,medium_airport
MQX,Mekele Alula Aba Nega Airport,13.4674,39.533501,ET,Mekele,medium_airport
MRE,Mara Serena Lodge Airstrip,-1.404588,35.008349,KE,Serena,medium_airport
MRI,Merrill Field,61.212792,-149.843988,US,Anchorage,medium_airport
MRS,Marseille Provence Airport,43.438088,5.2125,FR,"Marignane, Bouches-du-Rhône",large_airport
MRU,Sir Seewoosagur Ramgoolam International Airport,-20.430201,57.683601,MU,Plaine Magnien,large_airport
MRV,Mineralnye Vody Airport,44.225101,43.081902,RU,Mineralnyye Vody,large_airport
MRX,Mahshahr Airport,30.5562,49.151901,IR,Mahshahr,medium_airport
MRY,Monterey Regional Airport,36.586777,-121.844183,US,Monterey,medium_airport
MRZ,Moree Airport,-29.498899459799997,149.845001221,AU,Moree,medium_airport
MSJ,Misawa Airport / Misawa Air Base,40.703201,141.367996,JP,Misawa,medium_airport
MSL,Northwest Alabama Regional Airport,34.745123,-87.612981,US,Muscle Shoals,medium_airport
MSN,Dane County Regional Truax Field,43.1399,-89.337502,US,Madison,medium_airport
MSO,Missoula Montana Airport,46.915816,-114.091107,US,Missoula,medium_airport
MSP,Minneapolis–Saint Paul International Airport / Wold–Chamberlain Field,44.880081,-93.221741,US,Minneapolis,large_airport
MSQ,Minsk National Airport,53.888071,28.039964,BY,Minsk,large_airport
MSR,Muş Airport,38.747798919677734,41.66120147705078,TR,Muş,medium_airport
MSS,Massena International Airport Richards Field,44.936157,-74.844304,US,Massena,medium_airport
MST,Maastricht Aachen Airport,50.911087,5.769401,NL,Maastricht,large_airport
MSU,Moshoeshoe I International Airport,-29.456277,27.554456,LS,Maseru(Mazenod),large_airport
MSY,Louis Armstrong New Orleans International Airport,29.993401,-90.264673,US,New Orleans,large_airport
MSZ,Welwitschia Mirabilis International Airport,-15.2612,12.1468,AO,Moçâmedes,medium_airport
MTJ,Montrose Regional Airport,38.5098,-107.893997,US,Montrose,medium_airport
MTR,Los Garzones Airport,8.82374,-75.8258,CO,Montería,medium_airport
MTT,Minatitlán/Coatzacoalcos International Airport,18.103399,-94.580704,MX,Cosoleacaque,medium_airport
MTY,Monterrey International Airport,25.778521,-100.106989,MX,Monterrey,large_airport
MUA,Munda Airport,-8.32797,157.263,SB,Munda,medium_airport
MUB,Maun International Airport,-19.970491,23.431409,BW,Maun,large_airport
MUC,Munich Airport,48.353802,11.7861,DE,Munich,large_airport
MUE,Waimea Kohala Airport,20.001301,-155.667999,US,Waimea (Kamuela),medium_airport
MUH,Mersa Matruh International Airport,31.324313,27.22227,EG,Marsa Matruh,large_airport
MUN,José Tadeo Monagas International Airport,9.749023,-63.153348,VE,Maturín,medium_airport
MUR,Marudi Airport,4.178734,114.330318,MY,Marudi,medium_airport
MUX,Multan International Airport,30.203199,71.419098,PK,Multan,large_airport
MVB,M'Vengue El Hadj Omar Bongo Ondimba International Airport,-1.65616,13.438,GA,Franceville,medium_airport
MVD,Carrasco General Cesáreo L. Berisso International Airport,-34.835647,-56.026497,UY,Ciudad de la Costa,large_airport
MVF,Dix-Sept Rosado Airport,-5.20192,-37.3643,BR,Mossoró,medium_airport
MVP,Fabio Alberto Leon Bentley Airport,1.25366,-70.2339,CO,Mitú,medium_airport
MVQ,Mogilev Airport,53.954898834228516,30.09510040283203,BY,Mogilev,medium_airport
MVR,Salak Airport,10.451399803161621,14.257399559020996,CM,Maroua,medium_airport
MVT,Mataiva Airport,-14.8681001663208,-148.7169952392578,PF,,medium_airport
MWA,Veterans Airport of Southern Illinois,37.751208,-89.016568,US,Marion,medium_airport
MWL,Mineral Wells Regional Airport,32.781601,-98.060204,US,Mineral Wells,medium_airport
MWX,Muan International Airport,34.991406,126.382814,KR,Muan (Piseo-ri),large_airport
MWZ,Mwanza International Airport,-2.446563,32.936049,TZ,Mwanza,large_airport
MXL,General Rodolfo Sánchez Taboada International Airport,32.630629,-115.242805,MX,Mexicali,medium_airport
MXP,Milan Malpensa International Airport,45.6306,8.72811,IT,Ferno (VA),large_airport
MXV,Mörön Airport,49.663677,100.100028,MN,Mörön,medium_airport
MXX,Mora Airport,60.957901,14.5114,SE,Mora,medium_airport
MYA,Moruya Airport,-35.8978004456,150.143997192,AU,Moruya,medium_airport
MYD,Malindi International Airport,-3.22931,40.1017,KE,Malindi,medium_airport
MYE,Miyakejima Airport,34.073600769,139.559997559,JP,Miyakejima,medium_airport
MYG,Mayaguana Airport,22.379499,-73.013494,BS,Abraham Bay Settlement,medium_airport
MYJ,Matsuyama Airport,33.826893,132.700114,JP,Matsuyama,large_airport
MYL,McCall Municipal Airport,44.888837,-116.101112,US,McCall,medium_airport
MYP,Mary International Airport,37.62353,61.895668,TM,Mary,medium_airport
MYQ,Mysore Airport,12.229751,76.653683,IN,Mysore,medium_airport
MYR,Myrtle Beach International Airport,33.679699,-78.928299,US,Myrtle Beach,large_airport
MYT,Myitkyina Airport,25.3836,97.351898,MM,Myitkyina,medium_airport
MYU,Mekoryuk Airport,60.372338,-166.269751,US,Mekoryuk,medium_airport
MYW,Mtwara Airport,-10.336204,40.181997,TZ,Mtwara,medium_airport
MYY,Miri Airport,4.32201,113.987,MY,Miri,medium_airport
MZG,Penghu Magong Airport,23.568701,119.627998,TW,Huxi,large_airport
MZH,Amasya Merzifon Airport,40.829399,35.521999,TR,Amasya,medium_airport
MZI,Mopti Airport,14.5128,-4.07956,ML,Sévaré,medium_airport
MZL,La Nubia Airport,5.0296,-75.4647,CO,Manizales,medium_airport
MZO,Sierra Maestra International Airport,20.288605,-77.087545,CU,Manzanillo,medium_airport
MZQ,Mkuze Airport,-27.626101,32.0443,ZA,Mkuze,medium_airport
MZR,Mazar-i-Sharif International Airport,36.70412,67.210459,AF,Mazar-i-Sharif,large_airport
MZS,Moradabad Airport,28.81746,78.92187,IN,Moradabad,medium_airport
MZT,General Rafael Buelna International Airport,23.162823,-106.264517,MX,Mazatlàn,large_airport
MZV,Mulu Airport,4.048329830169678,114.80500030517578,MY,Mulu,medium_airport
MZW,Mecheria Airport,33.5359,-0.242353,DZ,Mecheria,medium_airport
NAA,Narrabri Airport,-30.3192005157,149.82699585,AU,Narrabri,medium_airport
NAG,Dr. Babasaheb Ambedkar International Airport,21.092199,79.047203,IN,Nagpur,large_airport
NAH,Naha Airport,3.68478,125.527162,ID,"Tabukan Utara, Sangihe Islands",medium_airport
NAJ,Nakhchivan International Airport,39.188801,45.458401,AZ,Nakhchivan,large_airport
NAL,Nalchik Airport,43.512901,43.6366,RU,Nalchik,medium_airport
NAM,Namniwel Airport,-3.143159,126.976469,ID,Namniwel,medium_airport
NAN,Nadi International Airport,-17.761822,177.437843,FJ,Nadi,large_airport
NAP,Naples International Airport,40.886002,14.2908,IT,Napoli,large_airport
NAQ,Qaanaaq Airport,77.488602,-69.388702,GL,Qaanaaq,medium_airport
NAS,Lynden Pindling International Airport,25.039,-77.466202,BS,Nassau,large_airport
NAT,Rio Grande do Norte/São Gonçalo do Amarante–Governador Aluízio Alves International Airport,-5.769822,-35.36661,BR,Natal,large_airport
NAV,Nevşehir Kapadokya Airport,38.7719,34.5345,TR,Nevşehir,large_airport
NAW,Narathiwat Airport,6.5199198722839355,101.74299621582031,TH,,medium_airport
NBC,Begishevo Airport,55.564701,52.092499,RU,Nizhnekamsk,medium_airport
NBE,Enfidha - Hammamet International Airport,36.075833,10.438611,TN,Enfidha,medium_airport
NBJ,Dr. Antonio Agostinho Neto International Airport,-9.050734,13.499078,AO,Luanda (Ícolo e Bengo),large_airport
NBO,Jomo Kenyatta International Airport,-1.318886,36.928233,KE,Nairobi,large_airport
NBS,Changbaishan Airport,42.066944,127.602222,CN,Baishan,medium_airport
NCA,North Caicos Airport,21.916094,-71.942954,TC,North Caicos,medium_airport
NCE,Nice-Côte d'Azur Airport,43.658401,7.21587,FR,"Nice, Alpes-Maritimes",large_airport
NCL,Newcastle International Airport,55.037958,-1.689577,GB,"Newcastle upon Tyne, Tyne and Wear",large_airport
NCU,Nukus International Airport,42.4884,59.623299,UZ,Nukus,large_airport
NCY,Annecy Meythet airport,45.928947,6.0987,FR,Annecy,medium_airport
NDB,Nouadhibou International Airport,20.932404,-17.030199,MR,Nouadhibou,large_airport
NDC,Nanded Airport,19.1833,77.316704,IN,Nanded,medium_airport
NDG,Qiqihar Sanjiazi Airport,47.229969,123.914179,CN,Qiqihar,large_airport
NDJ,N'Djamena International Airport,12.1337,15.034,TD,N'Djamena,large_airport
NDR,Nador Al Aaroui International Airport,34.9888,-3.02821,MA,Al Aaroui,large_airport
NDU,Rundu Airport,-17.956499,19.7194,NA,Rundu,medium_airport
NEC,Necochea Airport,-38.490746,-58.816337,AR,Necochea,medium_airport
NER,Chulman Airport,56.913898468018,124.91400146484,RU,Neryungri,medium_airport
NEV,Vance W. Amory International Airport,17.2057,-62.589901,KN,Charlestown,medium_airport
NGB,Ningbo Lishe International Airport,29.82670021057129,121.46199798583984,CN,Ningbo,large_airport
NGE,N'Gaoundéré Airport,7.3570098876953125,13.559200286865234,CM,N'Gaoundéré,medium_airport
NGO,Chubu Centrair International Airport,34.858398,136.804993,JP,Tokoname,large_airport
NGQ,Ngari Gunsa Airport,32.09794,80.053971,CN,Shiquanhe,medium_airport
NGS,Nagasaki Airport,32.916901,129.914001,JP,Nagasaki,large_airport
NHV,Nuku Hiva Airport,-8.7956,-140.229004,PF,Nuku Hiva,medium_airport
NIM,Diori Hamani International Airport,13.4815,2.18361,NE,Niamey,large_airport
NJC,Nizhnevartovsk Airport,60.949299,76.483597,RU,Nizhnevartovsk,large_airport
NJF,Al Najaf International Airport,31.991116,44.405019,IQ,Najaf,large_airport
NKC,Nouakchott–Oumtounsy International Airport,18.31,-15.969722,MR,Nouakchott,large_airport
NKG,Nanjing Lukou International Airport,31.735032,118.865949,CN,Nanjing,large_airport
NKM,Nagoya Airport / JASDF Komaki Air Base,35.255759,136.924095,JP,Nagoya,medium_airport
NKT,Şırnak Şerafettin Elçi Airport,37.3647,42.0582,TR,Şırnak,medium_airport
NLA,Simon Mwansa Kapwepwe International Airport,-12.96513,28.515624,ZM,Ndola,large_airport
NLD,Quetzalcóatl International Airport,27.443899,-99.570503,MX,Nuevo Laredo,medium_airport
NLH,Ninglang Luguhu Airport,27.5403,100.7593,CN,Ninglang,medium_airport
NLI,Nikolayevsk-na-Amure Airport,53.154999,140.649994,RU,Nikolayevsk-na-Amure Airport,medium_airport
NLK,Norfolk Island International Airport,-29.041759,167.939474,NF,Burnt Pine,medium_airport
NLT,Xinyuan Nalati Airport,43.4318,83.3786,CN,Xinyuan,medium_airport
NLU,Felipe Ángeles International Airport,19.743824,-99.01507,MX,Mexico City,large_airport
NMA,Namangan International Airport,40.984622,71.5578,UZ,Namangan,large_airport
NMF,Maafaru International Airport,5.817407,73.468404,MV,Noonu Atoll,medium_airport
NMI,Navi Mumbai International Airport,18.984597,73.065253,IN,Navi Mumbai,large_airport
NNG,Nanning Wuxu International Airport,22.598071,108.181922,CN,Nanning (Jiangnan),large_airport
NNM,Naryan Mar Airport,67.639999,53.121899,RU,Naryan Mar,medium_airport
NNT,Nan Airport,18.807899475097656,100.78299713134766,TH,,medium_airport
NOB,Nosara Airport,9.976490020750001,-85.65299987790002,CR,Nicoya,medium_airport
NOC,Ireland West Airport Knock,53.910439,-8.817002,IE,Charlestown,large_airport
NOJ,Noyabrsk Airport,63.18330001831055,75.2699966430664,RU,Noyabrsk,medium_airport
NOP,Sinop Airport,42.018313,35.071774,TR,Sinop,medium_airport
NOS,Nosy Be International Airport,-13.3121,48.3148,MG,Nosy Be,large_airport
NOU,La Tontouta International Airport,-22.014601,166.212997,NC,Nouméa (La Tontouta),large_airport
NOV,Albano Machado Airport,-12.8089,15.7605,AO,Huambo,medium_airport
NOZ,Spichenkovo Airport,53.811401,86.877197,RU,Novokuznetsk,medium_airport
NPE,Hawke's Bay Airport,-39.465801,176.869995,NZ,Napier,medium_airport
NPL,New Plymouth Airport,-39.00859832763672,174.1790008544922,NZ,New Plymouth,medium_airport
NPO,Nanga Pinoh Airport,-0.34864,111.746155,ID,Nanga Pinoh-Borneo Island,medium_airport
NPT,Newport State Airport,41.532207,-71.281039,US,Newport,medium_airport
NQN,Presidente Perón International Airport,-38.949001,-68.155701,AR,Neuquén,large_airport
NQY,Cornwall Airport Newquay,50.440601,-4.99541,GB,Newquay,medium_airport
NQZ,Nursultan Nazarbayev International Airport,51.027035,71.467094,KZ,Astana,large_airport
NRA,Narrandera Airport,-34.7022018433,146.511993408,AU,Narrandera,medium_airport
NRK,Norrköping Airport,58.586299896240234,16.250600814819336,SE,Norrköping,medium_airport
NRN,Weeze (Niederrhein) Airport,51.601362,6.141228,DE,Weeze,large_airport
NRR,José Aponte de la Torre Airport,18.247262,-65.63979,PR,Ceiba,medium_airport
NRT,Narita International Airport,35.76858,140.388714,JP,Narita,large_airport
NSH,Nowshahr Airport,36.664286,51.46273,IR,Nowshahr,medium_airport
NSI,Yaoundé Nsimalen International Airport,3.72256,11.5533,CM,Yaoundé,large_airport
NSK,Alykel International Airport,69.307951,87.325906,RU,Norilsk,large_airport
NSN,Nelson Airport,-41.296709,173.224323,NZ,Nelson,medium_airport
NST,Nakhon Si Thammarat Airport,8.539620399475098,99.9447021484375,TH,Nakhon Si Thammarat,medium_airport
NTE,Nantes Atlantique Airport,47.153198,-1.61073,FR,Nantes,large_airport
NTG,Nantong Xingdong International Airport,32.073566,120.980076,CN,Nantong (Tongzhou),medium_airport
NTL,Newcastle Airport,-32.796114,151.835025,AU,Williamtown,large_airport
NTN,Normanton Airport,-17.68409,141.069664,AU,Normanton,medium_airport
NTQ,Noto Satoyama Airport,37.293098,136.962006,JP,Wajima,medium_airport
NTX,Ranai Airport,3.90871,108.388,ID,Ranai-Natuna Besar Island,medium_airport
NUE,Nuremberg Airport,49.498699,11.078056,DE,Nuremberg,large_airport
NUI,Nuiqsut Airport,70.209999,-151.005998,US,Nuiqsut,medium_airport
NUM,Neom Bay Airport,27.924261,35.29358,SA,Sharma,large_airport
NUX,Novy Urengoy Airport,66.06939697265625,76.52030181884766,RU,Novy Urengoy,medium_airport
NVA,Benito Salas Airport,2.95015,-75.294,CO,Neiva,medium_airport
NVI,Navoi International Airport,40.117599,65.172658,UZ,Navoi,medium_airport
NVT,Ministro Victor Konder International Airport,-26.879431,-48.650979,BR,Navegantes,large_airport
NWI,Norwich Airport,52.6758,1.28278,GB,"Norwich, Norfolk",medium_airport
NYA,Nyagan Airport,62.110001,65.614998,RU,Nyagan,medium_airport
NYI,Sunyani Airport,7.36183,-2.32876,GH,Sunyani,medium_airport
NYK,Nanyuki Civil Airport,-0.062352,37.041296,KE,Gathiuru,medium_airport
NYM,Nadym Airport,65.48090362548828,72.69889831542969,RU,Nadym,medium_airport
NYO,Stockholm Skavsta Airport,58.789656,16.911479,SE,Nyköping,large_airport
NYT,Nay Pyi Taw International Airport,19.623501,96.200996,MM,Naypyitaw,large_airport
NZC,Maria Reiche Neuman Airport,-14.854,-74.961502,PE,Nazca,medium_airport
NZH,Manzhouli Xijiao Airport,49.566667,117.33,CN,Manzhouli,medium_airport
NZL,Zhalantun Genghis Khan Airport,47.865942,122.768662,CN,Zhalantun,medium_airport
OAJ,Albert J Ellis Airport,34.829201,-77.612099,US,Richlands,medium_airport
OAK,Oakland San Francisco Bay Airport,37.720085,-122.221184,US,Oakland,large_airport
OAX,Xoxocotlán International Airport,16.998773,-96.726092,MX,Oaxaca,large_airport
OBO,Tokachi-Obihiro Airport,42.7332992554,143.216995239,JP,Obihiro,medium_airport
OCC,Francisco De Orellana Airport,-0.462886,-76.986801,EC,Coca,medium_airport
OCE,Ocean City Municipal Airport,38.310398,-75.124001,US,Ocean City,medium_airport
OCJ,Ian Fleming International Airport,18.404079,-76.969754,JM,Boscobel,medium_airport
OCS,Corisco International Airport,0.910937,9.33027,GQ,Corisco Island,large_airport
ODB,Córdoba Airport,37.841999,-4.84888,ES,Córdoba,medium_airport
ODE,Odense Hans Christian Andersen Airport,55.475307,10.327206,DK,Odense,large_airport
OEC,Oecusse Route of the Sandalwood International Airport,-9.198419,124.337873,TL,Oecussi-Ambeno,large_airport
OER,Örnsköldsvik Airport,63.40829849243164,18.989999771118164,SE,Örnsköldsvik,medium_airport
OGD,Ogden Hinckley Airport,41.195899963379,-112.0120010376,US,Ogden,medium_airport
OGG,Kahului International Airport,20.896263,-156.431837,US,Kahului,large_airport
OGL,Eugene F. Correia International Airport,6.805881,-58.107657,GY,Ogle,medium_airport
OGN,Yonaguni Airport,24.467298,122.979827,JP,Yonaguni,medium_airport
OGS,Ogdensburg International Airport,44.6819,-75.4655,US,Ogdensburg,medium_airport
OGU,Ordu–Giresun Airport,40.966872,38.085995,TR,Ordu,medium_airport
OGX,Ain Beida Airport,31.9172,5.41278,DZ,Ouargla,medium_airport
OGZ,Vladikavkaz Beslan International Airport,43.205101,44.606602,RU,Beslan,medium_airport
OHD,Ohrid St. Paul the Apostle Airport,41.18,20.7423,MK,Ohrid,large_airport
OHE,Mohe Gulian Airport,52.916871,122.422759,CN,Mohe,medium_airport
OHO,Okhotsk Airport,59.410065,143.056503,RU,Okhotsk,medium_airport
OHS,Suhar International Airport,24.38604,56.62541,OM,Suhar,large_airport
OIM,Oshima Airport,34.782001495399996,139.36000061,JP,Izu Oshima,medium_airport
OIR,Okushiri Airport,42.0717010498,139.432998657,JP,Okushiri Island,medium_airport
OIT,Oita Airport,33.479400634799994,131.736999512,JP,Oita,medium_airport
OKA,Naha International Airport,26.192437,127.639804,JP,Naha,large_airport
OKC,OKC Will Rogers World Airport,35.393388,-97.598248,US,Oklahoma City,large_airport
OKD,Sapporo Okadama Airport,43.117447,141.38134,JP,Sapporo,medium_airport
OKE,Okinoerabu Airport,27.431604,128.705564,JP,Wadomari,medium_airport
OKI,Oki Global Geopark Airport,36.178388,133.323566,JP,Okinoshima,medium_airport
OKJ,Okayama Momotaro Airport,34.756901,133.854996,JP,Okayama,large_airport
OKL,Oksibil Airport,-4.9071,140.6277,ID,Oksibil,medium_airport
OKY,Oakey Army Aviation Centre,-27.409262,151.736727,AU,,medium_airport
OLA,Ørland Airport,63.69889831542969,9.604000091552734,NO,Ørland,medium_airport
OLB,Olbia Costa Smeralda Airport,40.898953,9.518457,IT,Olbia (SS),large_airport
OLF,L M Clayton Airport,48.094501,-105.574997,US,Wolf Point,medium_airport
OLM,Olympia Regional Airport,46.969399,-122.903,US,Olympia,medium_airport
OLZ,Olyokminsk Airport,60.401833,120.476094,RU,Olyokminsk,medium_airport
OMA,Eppley Airfield,41.3032,-95.894096,US,Omaha,large_airport
OMD,Oranjemund Airport,-28.585318,16.44638,NA,Oranjemund,medium_airport
OME,Nome Airport,64.51219940185547,-165.44500732421875,US,Nome,medium_airport
OMH,Urmia Airport,37.6680984497,45.0686988831,IR,Urmia,medium_airport
OMN,Zomin Airport,40.01402,68.41103,UZ,Zomin,medium_airport
OMO,Mostar International Airport,43.282489,17.846101,BA,Mostar,large_airport
OMR,Oradea International Airport,47.025299,21.9025,RO,Oradea,large_airport
OMS,Omsk Central Airport,54.963124,73.312418,RU,Omsk,large_airport
OND,Ondangwa Airport,-17.878201,15.9526,NA,Ondangwa,medium_airport
ONJ,Odate Noshiro Airport,40.191898,140.371002,JP,Kitaakita,medium_airport
ONQ,Zonguldak Çaycuma Airport,41.506401,32.0886,TR,Zonguldak,medium_airport
ONT,Ontario International Airport,34.056,-117.600998,US,Ontario,large_airport
ONX,Enrique Adolfo Jimenez Airport,9.35664,-79.867401,PA,Colón,medium_airport
OOL,Gold Coast Airport,-28.165962,153.506641,AU,Gold Coast,large_airport
OOM,Cooma Snowy Mountains Airport,-36.300445,148.972408,AU,Cooma,medium_airport
OPF,Miami-Opa Locka Executive Airport,25.907,-80.278397,US,Miami,medium_airport
OPO,Francisco de Sá Carneiro Airport,41.2481002808,-8.68138980865,PT,Porto,large_airport
OPU,Balimo Airport,-8.05000019073,142.932998657,PG,Balimo,medium_airport
ORB,Örebro Airport,59.22370147705078,15.038000106811523,SE,Örebro,medium_airport
ORD,Chicago O'Hare International Airport,41.9786,-87.9048,US,Chicago,large_airport
ORF,Norfolk International Airport,36.895341,-76.201,US,Norfolk,large_airport
ORH,Worcester Regional Airport,42.2673,-71.875702,US,Worcester,medium_airport
ORK,Cork International Airport,51.841301,-8.49111,IE,Cork,large_airport
ORN,Oran Es-Sénia (Ahmed Ben Bella) International Airport,35.620648,-0.622486,DZ,Es-Sénia,large_airport
ORT,Northway Airport,62.9613,-141.929001,US,Northway,medium_airport
ORU,Juan Mendoza International Airport,-17.956151,-67.075829,BO,Oruro,large_airport
ORY,Paris-Orly Airport,48.729499,2.358963,FR,"Paris (Orly, Val-de-Marne)",large_airport
OSD,Åre Östersund Airport,63.193546,14.504168,SE,Östersund,medium_airport
OSI,Osijek Airport,45.462355,18.811278,HR,Osijek(Klisa),medium_airport
OSL,Oslo-Gardermoen International Airport,60.193901,11.1004,NO,Oslo (Gardermoen),large_airport
OSR,Leoš Janáček Airport Ostrava,49.696301,18.111099,CZ,Mošnov,large_airport
OSS,Osh International Airport,40.609001,72.793297,KG,Osh,large_airport
OST,Ostend-Bruges International Airport,51.1998,2.874673,BE,Oostende,large_airport
OSW,Orsk Airport,51.072498,58.5956,RU,Orsk,medium_airport
OTH,Southwest Oregon Regional Airport,43.41709899902344,-124.24600219726562,US,North Bend,medium_airport
OTP,Bucharest Henri Coandă International Airport,44.571792,26.103285,RO,Otopeni,large_airport
OTZ,Ralph Wien Memorial Airport,66.88469696,-162.598999,US,Kotzebue,medium_airport
OUA,Ouagadougou Thomas Sankara International Airport,12.3532,-1.51242,BF,Ouagadougou,large_airport
OUD,Oujda Angads Airport,34.789558,-1.926041,MA,Ahl Angad,large_airport
OUL,Oulu Airport,64.930099,25.354601,FI,Oulu / Oulunsalo,large_airport
OUZ,Tazadit Airport,22.757345,-12.482228,MR,Zouérate,medium_airport
OVB,Novosibirsk Tolmachevo Airport,55.019756,82.618675,RU,Novosibirsk,large_airport
OVD,Asturias Airport,43.563599,-6.03462,ES,Ranón,large_airport
OVS,Sovetskiy Airport,61.326622009277344,63.60191345214844,RU,Sovetskiy,medium_airport
OWB,Owensboro Daviess County Airport,37.74010086,-87.16680145,US,Owensboro,medium_airport
OXB,Osvaldo Vieira International Airport,11.894262,-15.653596,GW,Bissau,large_airport
OYE,Oyem Airport,1.5431100130081177,11.581399917602539,GA,Oyem,medium_airport
OZC,Labo Airport,8.17851,123.842003,PH,Ozamiz,medium_airport
OZG,Zagora Airport,30.265788,-5.860808,MA,Zagora,large_airport
OZZ,Ouarzazate International Airport,30.9391,-6.90943,MA,Ouarzazate,large_airport
PAB,Bilaspur Airport,21.9884,82.111,IN,Bilaspur,medium_airport
PAC,Marcos A. Gelabert International Airport,8.97334,-79.555603,PA,Albrook,medium_airport
PAD,Paderborn Lippstadt Airport,51.612527,8.617459,DE,Büren,large_airport
PAE,Seattle Paine Field International Airport,47.9063,-122.281998,US,Everett,medium_airport
PAG,Pagadian Airport,7.825632,123.459635,PH,Pagadian,medium_airport
PAH,Barkley Regional Airport,37.06079864501953,-88.7738037109375,US,Paducah,medium_airport
PAP,Toussaint Louverture International Airport,18.580023,-72.292596,HT,Port-au-Prince,large_airport
PAT,Jay Prakash Narayan Airport,25.591299,85.087997,IN,Patna,medium_airport
PAV,Paulo Afonso Airport,-9.40088,-38.250599,BR,Paulo Afonso,medium_airport
PAZ,El Tajín National Airport,20.6026992798,-97.46080017090001,MX,Poza Rica,medium_airport
PBC,Hermanos Serdán International Airport,19.158465,-98.371582,MX,Puebla,large_airport
PBD,Porbandar Airport,21.649524,69.656405,IN,Porbandar,medium_airport
PBG,Plattsburgh International Airport,44.650902,-73.468102,US,Plattsburgh,medium_airport
PBH,Paro International Airport,27.4032,89.424599,BT,Paro,large_airport
PBM,Johan Adolf Pengel International Airport,5.45283,-55.187801,SR,Paramaribo,large_airport
PBO,Paraburdoo Airport,-23.1711006165,117.745002747,AU,Paraburdoo,medium_airport
PBR,Puerto Barrios Airport,15.7309,-88.583801,GT,Puerto Barrios,medium_airport
PBU,Putao Airport,27.32990074157715,97.42630004882812,MM,Putao,medium_airport
PCL,Cap FAP David Abenzur Rengifo International Airport,-8.378064,-74.574495,PE,Pucallpa,large_airport
PCP,Principe Airport,1.661155,7.411081,ST,São Tomé & Príncipe,medium_airport
PCR,German Olano Airport,6.18472,-67.4932,CO,Puerto Carreño,medium_airport
PDA,Obando Cesar Gaviria Trujillo Airport,3.85353,-67.9062,CO,Puerto Inírida,medium_airport
PDG,Minangkabau International Airport,-0.785964,100.280384,ID,Padang (Katapiang),large_airport
PDK,DeKalb Peachtree Airport,33.87633,-84.30213,US,Atlanta,medium_airport
PDL,João Paulo II Airport,37.7411994934,-25.6979007721,PT,Ponta Delgada,large_airport
PDO,Pendopo Airport,-3.2860701084136963,103.87999725341797,ID,Talang Gudang-Sumatra Island,medium_airport
PDP,Capitan Corbeta CA Curbelo International Airport,-34.855099,-55.094299,UY,Punta del Este,medium_airport
PDS,Piedras Negras International Airport,28.627873,-100.53524,MX,Piedras Negras,medium_airport
PDT,Eastern Oregon Regional Airport at Pendleton,45.695099,-118.841003,US,Pendleton,medium_airport
PDV,Plovdiv International Airport,42.067799,24.8508,BG,Plovdiv,large_airport
PDX,Portland International Airport,45.588699,-122.598,US,Portland,large_airport
PED,Pardubice Airport,50.015049,15.73981,CZ,Pardubice,large_airport
PEE,Perm International Airport,57.914501,56.021198,RU,Perm,large_airport
PEG,Perugia San Francesco d'Assisi – Umbria International Airport,43.095901,12.5132,IT,Perugia (PG),large_airport
PEI,Matecaña International Airport,4.81267,-75.7395,CO,Pereira,medium_airport
PEK,Beijing Capital International Airport,40.077349,116.596702,CN,Beijing,large_airport
PEM,Padre Aldamiz International Airport,-12.6135997772,-69.2285995483,PE,Puerto Maldonado,medium_airport
PEN,Penang International Airport,5.296303,100.276185,MY,Penang,large_airport
PER,Perth International Airport,-31.94029998779297,115.96700286865234,AU,Perth,large_airport
PES,Petrozavodsk Airport,61.885201,34.154701,RU,Petrozavodsk,medium_airport
PET,João Simões Lopes Neto International Airport,-31.717189,-52.327796,BR,Pelotas,medium_airport
PEV,Pécs-Pogány International Airport,45.988891,18.242044,HU,Pécs,large_airport
PEW,Bacha Khan International Airport,33.9939,71.514603,PK,Peshawar,large_airport
PEX,Pechora Airport,65.121101,57.130798,RU,Pechora,medium_airport
PEZ,Penza Airport,53.1106,45.021099,RU,Penza,medium_airport
PFB,Lauro Kurtz Airport,-28.243976,-52.32777,BR,Passo Fundo,medium_airport
PFO,Paphos International Airport,34.717999,32.485699,CY,Paphos,large_airport
PGA,Page Municipal Airport,36.924234,-111.447716,US,Page,medium_airport
PGD,Punta Gorda Airport,26.9202,-81.990501,US,Punta Gorda,medium_airport
PGF,Perpignan-Rivesaltes (Llabanère) Airport,42.740398,2.87067,FR,Perpignan/Rivesaltes,medium_airport
PGH,Pantnagar Airport,29.0334,79.473701,IN,Pantnagar,medium_airport
PGK,Depati Amir Airport,-2.1622,106.139,ID,Pangkal Pinang,medium_airport
PGU,Persian Gulf International Airport,27.379601,52.737701,IR,Khiyaroo,medium_airport
PGV,Pitt-Greenville Airport,35.635535,-77.384262,US,Greenville,medium_airport
PGZ,Ponta Grossa Airport - Comandante Antonio Amilton Beraldo,-25.184476,-50.143822,BR,Ponta Grossa,medium_airport
PHB,Parnaíba - Prefeito Doutor João Silva Filho International Airport,-2.89375,-41.731998,BR,Parnaíba,medium_airport
PHC,Port Harcourt International Airport,5.01549,6.94959,NG,Port Harcourt,large_airport
PHE,Port Hedland International Airport,-20.382787,118.629789,AU,Port Hedland,large_airport
PHF,Newport News Williamsburg International Airport,37.131901,-76.492996,US,Newport News,medium_airport
PHG,Port Harcourt City Airport / Port Harcourt Air Force Base,4.846111,7.021389,NG,Port Harcourt,medium_airport
PHH,Pokhara International Airport,28.1838,84.0147,NP,Pokhara,large_airport
PHL,Philadelphia International Airport,39.871899,-75.241096,US,Philadelphia,large_airport
PHS,Phitsanulok Airport,16.7829,100.278999,TH,Phitsanulok,medium_airport
PHW,Hendrik Van Eck Airport,-23.937200546299998,31.1553993225,ZA,Phalaborwa,medium_airport
PHX,Phoenix Sky Harbor International Airport,33.435302,-112.005905,US,Phoenix,large_airport
PHY,Phetchabun Airport,16.6760005951,101.194999695,TH,,medium_airport
PIA,General Wayne A. Downing Peoria International Airport,40.663841,-89.692631,US,Peoria,medium_airport
PIB,Hattiesburg Laurel Regional Airport,31.4671,-89.337097,US,Moselle,medium_airport
PIE,St. Petersburg Clearwater International Airport,27.9102,-82.687401,US,Pinellas Park,large_airport
PIH,Pocatello Regional Airport,42.9098014831543,-112.59600067138672,US,Pocatello,medium_airport
PIK,Glasgow Prestwick Airport,55.501499,-4.577182,GB,"Prestwick, South Ayrshire",large_airport
PIR,Pierre Regional Airport,44.38270187,-100.2860031,US,Pierre,medium_airport
PIS,Poitiers-Biard Airport,46.5877,0.306666,FR,Poitiers/Biard,medium_airport
PIT,Pittsburgh International Airport,40.491501,-80.232903,US,Pittsburgh,large_airport
PIU,PAF Captain Guillermo Concha Iberico International Airport,-5.20575,-80.616402,PE,Piura,medium_airport
PIX,Pico Airport,38.554298,-28.441299,PT,Pico Island,medium_airport
PIZ,Point Lay LRRS Airport,69.732903,-163.005005,US,Point Lay,medium_airport
PJM,Puerto Jimenez Airport,8.533329963684082,-83.30000305175781,CR,Puerto Jimenez,medium_airport
PKB,Mid Ohio Valley Regional Airport,39.3451,-81.439201,US,Parkersburg (Williamstown),medium_airport
PKC,Yelizovo Airport,53.168716,158.451068,RU,Petropavlovsk-Kamchatsky,large_airport
PKE,Parkes Airport,-33.131401062,148.238998413,AU,Parkes,medium_airport
PKR,Pokhara Domestic Airport,28.200621,83.981203,NP,Pokhara,medium_airport
PKU,Sultan Syarif Kasim II International Airport / Roesmin Nurjadin AFB,0.458647,101.444321,ID,Pekanbaru,medium_airport
PKV,Princess Olga Pskov International Airport,57.781316,28.39384,RU,Pskov,medium_airport
PKX,Beijing Daxing International Airport,39.501289,116.413967,CN,Beijing,large_airport
PKY,Tjilik Riwut Airport,-2.227146,113.943388,ID,Palangkaraya,medium_airport
PKZ,Pakse International Airport,15.133973,105.779871,LA,Pakse,large_airport
PLJ,Placencia Airport,16.536957,-88.361511,BZ,Placencia,medium_airport
PLM,Sultan Mahmud Badaruddin II Airport,-2.897653,104.698147,ID,Palembang,medium_airport
PLN,Pellston Regional Airport of Emmet County Airport,45.57089996,-84.79669952,US,Pellston,medium_airport
PLO,Port Lincoln Airport,-34.6053009033,135.880004883,AU,Port Lincoln,medium_airport
PLQ,Palanga International Airport,55.973202,21.093901,LT,Palanga,large_airport
PLS,Providenciales International Airport,21.773697,-72.268321,TC,Providenciales,large_airport
PLW,Mutiara - SIS Al-Jufrie Airport,-0.916462,119.908647,ID,Palu,medium_airport
PLX,Semei International Airport,50.351295,80.234398,KZ,Semey,large_airport
PLZ,Chief Dawid Stuurman International Airport,-33.989715,25.617353,ZA,Gqeberha (Port Elizabeth),large_airport
PMC,El Tepual International Airport,-41.443093,-73.094065,CL,Puerto Montt,large_airport
PMF,Parma Airport,44.826351,10.29705,IT,Parma (PR),medium_airport
PMG,Ponta Porã Airport,-22.549601,-55.702599,BR,Ponta Porã,medium_airport
PMI,Palma de Mallorca Airport,39.551701,2.73881,ES,Palma de Mallorca,large_airport
PMO,Falcone–Borsellino Airport,38.175999,13.091,IT,Palermo,large_airport
PMQ,Perito Moreno Jalil Hamer Airport,-46.537899,-70.978699,AR,Perito Moreno,medium_airport
PMR,Palmerston North Airport,-40.320599,175.617004,NZ,Palmerston North,medium_airport
PMV,Del Caribe Santiago Mariño International Airport,10.912603,-63.966599,VE,Isla Margarita,large_airport
PMW,Brigadeiro Lysias Rodrigues Airport,-10.2915,-48.356998,BR,Palmas,medium_airport
PMY,El Tehuelche Airport,-42.7592,-65.1027,AR,Puerto Madryn,medium_airport
PNA,Pamplona Airport,42.77,-1.64633,ES,Pamplona,medium_airport
PNI,Pohnpei International Airport,6.985082,158.20992,FM,Pohnpei Island,medium_airport
PNK,Supadio International Airport,-0.152258,109.404493,ID,Pontianak,large_airport
PNL,Pantelleria Airport,36.816502,11.9689,IT,Pantelleria (TP),medium_airport
PNP,Girua Airport,-8.80453968048,148.309005737,PG,Popondetta,medium_airport
PNQ,Pune International Airport,18.5821,73.919701,IN,Pune,large_airport
PNR,Antonio Agostinho-Neto International Airport,-4.81603,11.8866,CG,Pointe Noire,large_airport
PNS,Pensacola International Airport,30.472718,-87.186639,US,Pensacola,large_airport
PNT,Lieutenant Julio Gallardo Airport,-51.67067,-72.529078,CL,Puerto Natales,medium_airport
PNY,Pondicherry Airport,11.968,79.812,IN,Puducherry (Pondicherry),medium_airport
PNZ,Senador Nilo Coelho Airport,-9.362422,-40.569098,BR,Petrolina,medium_airport
POA,Porto Alegre-Salgado Filho International Airport,-29.993984,-51.167482,BR,Porto Alegre,large_airport
POG,Port Gentil International Airport,-0.711739,8.75438,GA,Port Gentil,large_airport
POL,Pemba Airport,-12.993302,40.524867,MZ,Pemba,medium_airport
POM,Port Moresby Jacksons International Airport,-9.443380355834961,147.22000122070312,PG,Port Moresby,large_airport
POP,Gregorio Luperon International Airport,19.7579,-70.57,DO,Puerto Plata,medium_airport
POR,Pori Airport,61.4617,21.799999,FI,Pori,medium_airport
POS,Piarco International Airport,10.59535,-61.337568,TT,Port of Spain,large_airport
POZ,Poznań-Ławica Airport,52.421598,16.823359,PL,Poznań,large_airport
PPB,Presidente Prudente Airport,-22.1751,-51.424599,BR,Presidente Prudente,medium_airport
PPG,Pago Pago International Airport,-14.331,-170.710007,AS,Pago Pago,large_airport
PPK,Petropavl International Airport,54.775622,69.187415,KZ,Petropavl,large_airport
PPN,Guillermo León Valencia Airport,2.454359,-76.609253,CO,Popayán,medium_airport
PPP,Proserpine Whitsunday Coast Airport,-20.494416,148.553583,AU,Proserpine,medium_airport
PPS,Puerto Princesa International Airport / PAF Antonio Bautista Air Base,9.742044,118.75911,PH,Puerto Princesa,large_airport
PPT,Fa'a'ā International Airport,-17.553472,-149.606936,PF,Papeete,large_airport
PQC,Phú Quốc International Airport,10.169783,103.99353,VN,Phu Quoc Island,large_airport
PQI,Presque Isle International Airport,46.688999,-68.0448,US,Presque Isle,medium_airport
PQQ,Port Macquarie Airport,-31.4358005524,152.863006592,AU,Port Macquarie,medium_airport
PRA,General Urquiza Airport,-31.7948,-60.4804,AR,Parana,medium_airport
PRC,Prescott Regional Airport - Ernest A. Love Field,34.653502,-112.419883,US,Prescott,medium_airport
PRG,Václav Havel Airport Prague,50.100874,14.259911,CZ,Prague,large_airport
PRI,Praslin Island Airport,-4.319256,55.691561,SC,Praslin Island,medium_airport
PRM,Portimão Airport,37.1493,-8.58396,PT,Portimão,medium_airport
PRN,Priština Adem Jashari International Airport,42.5728,21.035801,XK,Prishtina,large_airport
PSA,Pisa International Airport,43.683899,10.3927,IT,Pisa (PI),large_airport
PSC,Tri Cities Airport,46.264702,-119.119003,US,Pasco,medium_airport
PSD,Port Said International Airport,31.279285,32.240582,EG,Port Said,large_airport
PSE,Mercedita International Airport,18.008301,-66.563004,PR,Ponce,medium_airport
PSG,Petersburg James A Johnson Airport,56.80170059,-132.9450073,US,Petersburg,medium_airport
PSM,Portsmouth International Airport at Pease,43.0779,-70.823303,US,Portsmouth,medium_airport
PSO,Antonio Nariño Airport,1.396722,-77.29093,CO,Chachagüí,medium_airport
PSP,Palm Springs International Airport,33.8297,-116.507004,US,Palm Springs,large_airport
PSR,Abruzzo Airport,42.431079,14.182981,IT,Pescara,large_airport
PSS,Libertador Gral D Jose De San Martin Airport,-27.3858,-55.9707,AR,Posadas,medium_airport
PSU,Pangsuma Airport,0.834579,112.940217,ID,Putussibau-Borneo Island,medium_airport
PSZ,Capitán Av. Salvador Ogaya G. airport,-18.975301,-57.820599,BO,Puerto Suárez,medium_airport
PTG,Polokwane International Airport,-23.845269,29.458615,ZA,Polokwane,large_airport
PTH,Port Heiden Airport,56.957893,-158.630219,US,Port Heiden,medium_airport
PTJ,Portland Airport,-38.31809997558594,141.4709930419922,AU,,medium_airport
PTP,Maryse Condé International Airport,16.265443,-61.532754,GP,Pointe-à-Pitre,large_airport
PTU,Platinum Airport,59.017675,-161.827927,US,Platinum,medium_airport
PTY,Tocumen International Airport,9.07136,-79.383499,PA,Tocumen,large_airport
PUB,Pueblo Memorial Airport,38.289101,-104.497002,US,Pueblo,medium_airport
PUD,Puerto Deseado Airport,-47.7353,-65.9041,AR,Puerto Deseado,medium_airport
PUF,Pau Pyrénées Airport,43.380001,-0.418611,FR,Pau/Pyrénées (Uzein),medium_airport
PUG,Port Augusta Airport,-32.506900787353516,137.7169952392578,AU,,medium_airport
PUJ,Punta Cana International Airport,18.567093,-68.364558,DO,Punta Cana,large_airport
PUQ,President Carlos Ibáñez International Airport,-53.002602,-70.854599,CL,Punta Arenas,large_airport
PUS,Gimhae International Airport,35.179501,128.938004,KR,Busan,large_airport
PUU,Tres De Mayo Airport,0.505228,-76.5008,CO,Puerto Asís,medium_airport
PUW,Pullman-Moscow Regional Airport,46.741601,-117.11163,US,Pullman,medium_airport
PUY,Pula Airport,44.893501,13.9222,HR,Pula,large_airport
PUZ,Puerto Cabezas Airport,14.047200202941895,-83.38670349121094,NI,Puerto Cabezas,medium_airport
PVA,El Embrujo Airport,13.357461,-81.357977,CO,Providencia,medium_airport
PVD,Rhode Island T. F. Green International Airport,41.725038,-71.425668,US,Providence/Warwick,large_airport
PVG,Shanghai Pudong International Airport,31.1434,121.805,CN,Shanghai (Pudong),large_airport
PVH,Governador Jorge Teixeira de Oliveira International Airport,-8.708491,-63.902338,BR,Porto Velho,large_airport
PVK,Aktion National Airport,38.925499,20.765301,GR,Preveza,medium_airport
PVR,Puerto Vallarta International Airport,20.679913,-105.254391,MX,Puerto Vallarta,large_airport
PVU,Provo Municipal Airport,40.218894,-111.722445,US,Provo,medium_airport
PWE,Pevek Airport,69.783302,170.597,RU,Apapelgino,medium_airport
PWM,Portland International Jetport,43.646198,-70.309303,US,Portland,large_airport
PWQ,Pavlodar International Airport,52.194982,77.073088,KZ,Pavlodar,large_airport
PXM,Puerto Escondido International Airport,15.876808,-97.0891,MX,Puerto Escondido,medium_airport
PXO,Porto Santo Airport,33.0733985901,-16.3500003815,PT,Vila Baleira,medium_airport
PXR,Surin Airport,14.868300437927,103.49800109863,TH,Surin,medium_airport
PXU,Pleiku Airport,14.004500389099121,108.01699829101562,VN,Pleiku,medium_airport
PYJ,Polyarny Airport,66.400398,112.029999,RU,Yakutia,medium_airport
PYK,Payam International Airport,35.7761,50.826698,IR,Karaj,large_airport
PZB,Pietermaritzburg Airport,-29.649000167799997,30.3987007141,ZA,Pietermaritzburg,medium_airport
PZH,Zhob Airport,31.358400344848633,69.4636001586914,PK,Fort Sandeman,medium_airport
PZI,Panzhihua Bao'anying Airport,26.54,101.79852,CN,Panzhihua (Renhe),medium_airport
PZO,General Manuel Carlos Piar International Airport,8.28853,-62.760399,VE,Guyana City,large_airport
PZU,Port Sudan New International Airport,19.434558,37.234125,SD,Port Sudan,large_airport
QBC,Bella Coola Airport,52.387501,-126.596001,CA,Bella Coola,medium_airport
QOW,Sam Mbakwe International Cargo Airport,5.42706,7.20603,NG,Owerri,medium_airport
QRO,Querétaro Intercontinental Airport,20.618779,-100.186449,MX,Querétaro,large_airport
QRW,Warri Airport,5.59821,5.8187,NG,Okpe,medium_airport
QSF,Ain Arnat Airport,36.178488,5.329909,DZ,Sétif,medium_airport
QSR,Salerno Costa d'Amalfi Airport,40.620399,14.9113,IT,Salerno,medium_airport
QSZ,Shache Airport,38.24542,77.056149,CN,Shache,medium_airport
QUO,Akwa Ibom International Airport,4.8725,8.093,NG,Uyo,medium_airport
RAB,Tokua Airport,-4.34046,152.380005,PG,Kokopo,medium_airport
RAE,Arar Domestic Airport,30.906600952148438,41.13819885253906,SA,Arar,medium_airport
RAH,Rafha Domestic Airport,29.626399993896484,43.4906005859375,SA,Rafha,medium_airport
RAI,Nelson Mandela International Airport,14.941126,-23.484728,CV,Praia,large_airport
RAK,Marrakesh Menara Airport,31.604807,-8.035788,MA,Marrakesh,large_airport
RAO,Leite Lopes Airport,-21.134314,-47.774053,BR,Ribeirão Preto,medium_airport
RAP,Rapid City Regional Airport,44.0452995300293,-103.05699920654297,US,Rapid City,medium_airport
RAR,Rarotonga International Airport,-21.2027,-159.806,CK,Avarua,large_airport
RAS,Sardar-e-Jangal Airport,37.323333,49.617778,IR,Rasht,medium_airport
RBA,Rabat-Salé Airport,34.051498,-6.75152,MA,Rabat,large_airport
RBR,Rio Branco-Plácido de Castro International Airport,-9.869031,-67.893984,BR,Rio Branco,large_airport
RBY,Ruby Airport,64.727203,-155.470001,US,Ruby,medium_airport
RCB,Richards Bay Airport,-28.740999221800003,32.0920982361,ZA,Richards Bay,medium_airport
RCH,Almirante Padilla Airport,11.5262,-72.926,CO,Riohacha,medium_airport
RDD,Redding Municipal Airport,40.50899887,-122.2929993,US,Redding,medium_airport
RDM,Roberts Field,44.254101,-121.150002,US,Redmond,medium_airport
RDO,Warsaw Radom Airport,51.38937,21.214742,PL,Radom,medium_airport
RDP,Kazi Nazrul Islam Airport,23.6225,87.243,IN,Durgapur,medium_airport
RDU,Raleigh-Durham International Airport,35.878659,-78.7873,US,Raleigh/Durham,large_airport
RDZ,Rodez–Aveyron Airport,44.407902,2.48267,FR,Rodez/Marcillac,medium_airport
REC,Recife/Guararapes - Gilberto Freyre International Airport,-8.12747,-34.922961,BR,Recife,large_airport
REG,Reggio Calabria Airport,38.071201,15.6516,IT,Reggio Calabria,medium_airport
REL,Almirante Marco Andres Zar Airport,-43.2105,-65.2703,AR,Rawson,medium_airport
REN,Orenburg Central Airport,51.792668,55.457229,RU,Orenburg,medium_airport
RER,Retalhuleu Airport,14.521431,-91.697001,GT,Retalhuleu,medium_airport
RES,Resistencia International Airport,-27.44991,-59.056125,AR,Resistencia,large_airport
REU,Reus Airport,41.147509,1.168354,ES,Reus,large_airport
REW,"Rewa Airport, Chorhata, REWA",24.503401,81.220299,IN,Rewa,medium_airport
REX,General Lucio Blanco International Airport,26.0089,-98.2285,MX,Reynosa,medium_airport
RFD,Chicago Rockford International Airport,42.1954,-89.097198,US,Chicago/Rockford,medium_airport
RFP,Raiatea Airport,-16.7229,-151.466003,PF,Uturoa,medium_airport
RGA,Gobernador Ramón Trejo Noel International Airport,-53.7777,-67.7494,AR,Rio Grande,medium_airport
RGI,Rangiroa Airport,-14.954299926757812,-147.66099548339844,PF,,medium_airport
RGL,Piloto Civil Norberto Fernández International Airport,-51.608791,-69.308948,AR,Rio Gallegos,large_airport
RGN,Yangon International Airport,16.907300949099998,96.1332015991,MM,Yangon,large_airport
RGO,Orang (Chongjin) Airport,41.428538,129.647555,KP,Hoemun-ri,medium_airport
RHD,Termas de Río Hondo international Airport,-27.4966,-64.93595,AR,Termas de Río Hondo,medium_airport
RHI,Rhinelander Oneida County Airport,45.63119888305664,-89.46749877929688,US,Rhinelander,medium_airport
RHO,"Rhodes International Airport ""Diagoras""",36.405399,28.086201,GR,Rhodes,large_airport
RIA,Santa Maria Airport,-29.711399,-53.688202,BR,Santa Maria,medium_airport
RIB,Capitán Av. Selin Zeitun Lopez Airport,-11.009355,-66.075468,BO,Riberalta,medium_airport
RIC,Richmond International Airport,37.505199,-77.319702,US,Richmond,large_airport
RIS,Rishiri Airport,45.2420005798,141.186004639,JP,Rishiri,medium_airport
RIW,Central Wyoming Regional Airport,43.064201,-108.459999,US,Riverton,medium_airport
RIX,Riga International Airport,56.920752,23.970711,LV,Riga,large_airport
RIY,Riyan International Airport,14.662241,49.375289,YE,Mukalla(Riyan),large_airport
RIZ,Rizhao Shanzihe Airport,35.405033,119.324403,CN,Rizhao (Donggang),medium_airport
RJA,Rajahmundry Airport,17.105799,81.813204,IN,Madhurapudi,medium_airport
RJH,Shah Makhdum Airport,24.437201,88.616501,BD,Rajshahi,medium_airport
RJK,Rijeka Airport,45.216376,14.57085,HR,Rijeka(Omišalj),large_airport
RJL,Logroño-Agoncillo Airport,42.460953,-2.322235,ES,Logroño,medium_airport
RJN,Rafsanjan Airport,30.298345,56.048979,IR,Rafsanjan,medium_airport
RKD,Knox County Regional Airport,44.060101,-69.099197,US,Rockland,medium_airport
RKE,Copenhagen Roskilde Airport,55.585602,12.1314,DK,Roskilde,medium_airport
RKS,Southwest Wyoming Regional Airport,41.5942,-109.065001,US,Rock Springs,medium_airport
RKT,Ras Al Khaimah International Airport,25.613501,55.938801,AE,Ras Al Khaimah,large_airport
RKV,Reykjavík Domestic Airport,64.128732,-21.93759,IS,Reykjavík,medium_airport
RKZ,Xigaze Peace Airport / Shigatse Air Base,29.350876,89.299157,CN,Xigazê (Samzhubzê),large_airport
RLG,Rostock-Laage Airport,53.918201,12.2783,DE,Laage,medium_airport
RLK,Bayannur Tianjitai Airport,40.926358,107.74093,CN,Bayannur,medium_airport
RMA,Roma Airport,-26.545000076300003,148.774993896,AU,Roma,medium_airport
RMF,Marsa Alam International Airport,25.555548,34.59245,EG,Marsa Alam,large_airport
RMI,Federico Fellini International Airport,44.020024,12.612198,IT,Rimini (RN),large_airport
RML,Colombo Ratmalana International Airport,6.821638,79.885859,LK,Colombo,large_airport
RMO,Chişinău International Airport,46.92774,28.931704,MD,Chişinău,large_airport
RMQ,Taichung International Airport / Ching Chuang Kang Air Base,24.2647,120.621002,TW,Taichung (Qingshui),large_airport
RMU,Region of Murcia International Airport,37.802852,-1.124884,ES,Corvera,large_airport
RMZ,Tobolsk Remezov Airport,58.059712,68.347997,RU,Tobolsk,medium_airport
RNB,Ronneby Airport,56.266701,15.265,SE,Ronneby,medium_airport
RNJ,Yoron Airport,27.043847,128.401648,JP,Yoron,medium_airport
RNN,Bornholm Airport,55.063301,14.7596,DK,Rønne,medium_airport
RNO,Reno Tahoe International Airport,39.4991,-119.767998,US,Reno,large_airport
RNS,Rennes-Saint-Jacques Airport,48.0695,-1.73479,FR,"Saint-Jacques-de-la-Lande, Ille-et-Vilaine",medium_airport
ROA,Roanoke–Blacksburg Regional Airport,37.3255,-79.975403,US,Roanoke,medium_airport
ROB,Roberts International Airport,6.23379,-10.3623,LR,Monrovia,large_airport
ROC,Frederick Douglass Greater Rochester International Airport,43.1189,-77.672401,US,Rochester,large_airport
ROI,Roi Et Airport,16.1168,103.774002,TH,Roi Et,medium_airport
ROK,Rockhampton Airport,-23.380019,150.475359,AU,Rockhampton,medium_airport
ROO,Maestro Marinho Franco Airport,-16.584292,-54.724803,BR,Rondonópolis,medium_airport
ROP,Rota International Airport,14.173267,145.241103,MP,Rota Island,large_airport
ROR,Roman Tmetuchl International Airport,7.366965,134.544085,PW,Babelthuap Island,large_airport
ROS,Rosario Islas Malvinas International Airport,-32.9036,-60.785,AR,Rosario,large_airport
ROT,Rotorua Regional Airport,-38.1092,176.317001,NZ,Rotorua,medium_airport
ROW,Roswell Air Center Airport,33.301601,-104.530998,US,Roswell,medium_airport
RPR,Swami Vivekananda Airport,21.180401,81.7388,IN,Raipur,medium_airport
RQA,Ruoqiang Loulan Airport,38.974722,88.008333,CN,Ruoqiang Town,medium_airport
RRG,Sir Charles Gaetan Duval Airport,-19.757668,63.36103,MU,Port Mathurin,medium_airport
RRS,Røros Airport,62.578399658203,11.342300415039,NO,Røros,medium_airport
RSA,Santa Rosa Airport,-36.588299,-64.275703,AR,Santa Rosa,medium_airport
RSD,Rock Sound International Airport,24.89165,-76.177602,BS,Rock Sound,medium_airport
RSI,Red Sea International Airport,25.627975,37.088914,SA,Hanak,large_airport
RST,Rochester International Airport,43.908298,-92.5,US,Rochester,medium_airport
RSU,Yeosu Airport,34.84230041503906,127.61699676513672,KR,Yeosu,medium_airport
RSW,Southwest Florida International Airport,26.534685,-81.752816,US,Fort Myers,large_airport
RTB,Juan Manuel Gálvez International Airport,16.316799,-86.523003,HN,Coxen Hole,large_airport
RTM,Rotterdam The Hague Airport,51.956902,4.43722,NL,Rotterdam,large_airport
RUA,Arua Airport,3.049152,30.911714,UG,Arua,medium_airport
RUH,King Khalid International Airport,24.9576,46.698799,SA,Riyadh,large_airport
RUN,Roland Garros Airport,-20.890087,55.518894,RE,Sainte-Marie,large_airport
RUR,Rurutu Airport,-22.434099197387695,-151.36099243164062,PF,,medium_airport
RUT,Rutland - Southern Vermont Regional Airport,43.5294,-72.9496,US,Rutland,medium_airport
RVK,"Rørvik Airport, Ryum",64.838302612305,11.14610004425,NO,Rørvik,medium_airport
RVN,Rovaniemi Airport,66.563327,25.829751,FI,Rovaniemi,large_airport
RVY,Pres. Gral. Óscar D. Gestido Binational Airport,-30.9746,-55.4762,UY,Rivera/Santana do Livramento,medium_airport
RXS,Roxas Airport,11.597700119018555,122.75199890136719,PH,Roxas City,medium_airport
RYK,Shaikh Zaid Airport,28.383899688720703,70.27960205078125,PK,Rahim Yar Khan,medium_airport
RZE,Rzeszów-Jasionka Airport,50.109791,22.024155,PL,Jasionka,large_airport
RZR,Ramsar Airport,36.90701,50.687316,IR,Ramsar,medium_airport
RZV,Rize–Artvin Airport,41.179766,40.848802,TR,Rize,medium_airport
SAB,Juancho E. Yrausquin Airport,17.64533,-63.220514,BQ,Zion's Hill,medium_airport
SAF,Santa Fe Municipal Airport,35.6171,-106.088997,US,Santa Fe,medium_airport
SAG,Shirdi International Airport,19.689211,74.373655,IN,Kakadi,large_airport
SAH,Sanaa International Airport,15.4763,44.2197,YE,Sanaa,large_airport
SAI,Siem Reap-Angkor International Airport,13.36974,104.223831,KH,Siem Reap,large_airport
SAL,El Salvador International Airport Saint Óscar Arnulfo Romero y Galdámez,13.44447,-89.055784,SV,San Salvador (San Luis Talpa),large_airport
SAN,San Diego International Airport,32.733601,-117.190002,US,San Diego,large_airport
SAP,Ramón Villeda Morales International Airport,15.4526,-87.923599,HN,San Pedro Sula,large_airport
SAQ,San Andros Airport,25.053800582885742,-78.04900360107422,BS,Andros Island,medium_airport
SAT,San Antonio International Airport,29.533701,-98.469803,US,San Antonio,large_airport
SAV,Savannah Hilton Head International Airport,32.126591,-81.19998,US,Savannah,large_airport
SAW,Istanbul Sabiha Gökçen International Airport,40.898602,29.3092,TR,"Pendik, Istanbul",large_airport
SBA,Santa Barbara Municipal Airport,34.426201,-119.839996,US,Santa Barbara,medium_airport
SBD,San Bernardino International Airport,34.096717,-117.236596,US,San Bernardino,large_airport
SBH,St. Jean Airport,17.904398,-62.843333,BL,Gustavia,medium_airport
SBN,South Bend International Airport,41.708304,-86.316922,US,South Bend,medium_airport
SBP,San Luis County Regional Airport,35.236801147499996,-120.641998291,US,San Luis Obispo,medium_airport
SBT,Sabetta International Airport,71.219167,72.052222,RU,Sabetta,medium_airport
SBW,Sibu Airport,2.2616,111.985001,MY,Sibu,medium_airport
SBY,Salisbury Ocean City Wicomico Regional Airport,38.34049987792969,-75.51029968261719,US,Salisbury,medium_airport
SBZ,Sibiu International Airport,45.785841,24.086666,RO,Sibiu,large_airport
SCC,Deadhorse Airport,70.19470215,-148.4649963,US,Deadhorse,medium_airport
SCE,State College Regional Airport,40.849374,-77.84852,US,State College,medium_airport
SCK,Stockton Metropolitan Airport,37.893279,-121.238079,US,Stockton,medium_airport
SCL,Comodoro Arturo Merino Benítez International Airport,-33.393001556396484,-70.78579711914062,CL,Santiago,large_airport
SCN,Saarbrücken Airport,49.214545,7.109735,DE,Saarbrücken,medium_airport
SCO,Aktau International Airport,43.860093,51.09086,KZ,Aktau,large_airport
SCQ,Santiago-Rosalía de Castro Airport,42.896301,-8.41514,ES,Santiago de Compostela,large_airport
SCR,Scandinavian Mountains Airport,61.16508,12.83352,SE,Malung-Sälen,large_airport
SCT,Socotra Airport,12.632093,53.906173,YE,Mori,medium_airport
SCU,Antonio Maceo International Airport,19.97474,-75.835504,CU,Santiago,large_airport
SCV,Suceava Ștefan cel Mare International Airport,47.6875,26.354099,RO,Suceava,large_airport
SCW,Syktyvkar Airport,61.64699935913086,50.84510040283203,RU,Syktyvkar,medium_airport
SDD,Lubango Mukanka International Airport,-14.924839,13.576653,AO,Lubango,medium_airport
SDE,Vicecomodoro Angel D. La Paz Aragonés Airport,-27.765556335399996,-64.3099975586,AR,Santiago del Estero,medium_airport
SDF,Louisville Muhammad Ali International Airport,38.1706,-85.735076,US,Louisville,large_airport
SDG,Sanandaj Airport,35.24589920043945,47.00920104980469,IR,,medium_airport
SDJ,Sendai Airport,38.139702,140.917007,JP,Natori,large_airport
SDK,Sandakan Airport,5.900899887084961,118.05899810791016,MY,Sandakan,medium_airport
SDL,Sundsvall-Härnösand Airport,62.528099060058594,17.443899154663086,SE,Sundsvall/ Härnösand,medium_airport
SDP,Sand Point Airport,55.313908,-160.522099,US,Sand Point,medium_airport
SDQ,Las Américas International Airport,18.42970085144,-69.668899536133,DO,Santo Domingo,large_airport
SDR,Seve Ballesteros-Santander Airport,43.427101,-3.82001,ES,Santander,medium_airport
SDS,Sado Airport,38.0601997375,138.414001465,JP,Sado,medium_airport
SDU,Santos Dumont Airport,-22.910397,-43.16282,BR,Rio de Janeiro,large_airport
SDW,Sindhudurg Airport,16.002552,73.529846,IN,Chipi,medium_airport
SDY,Sidney - Richland Regional Airport,47.705141,-104.194422,US,Sidney,medium_airport
SEA,Seattle–Tacoma International Airport,47.447943,-122.310276,US,Seattle,large_airport
SEB,Sabha Airport,26.992452,14.466162,LY,Sabha,medium_airport
SEK,Srednekolymsk Airport,67.4805,153.7364,RU,Srednekolymsk,medium_airport
SEN,London Southend Airport,51.570562,0.693627,GB,"Southend-on-Sea, Essex",medium_airport
SEZ,Seychelles International Airport,-4.67434,55.521801,SC,Victoria,large_airport
SFA,Sfax Thyna International Airport,34.717999,10.691,TN,Sfax,medium_airport
SFB,Orlando Sanford International Airport,28.774277,-81.234626,US,Orlando,large_airport
SFG,Grand Case-l'Espérance Airport,18.100057,-63.047444,MF,Grand Case,medium_airport
SFJ,Kangerlussuaq International Airport,67.010446,-50.715294,GL,Kangerlussuaq,medium_airport
SFN,Sauce Viejo Airport,-31.7117,-60.8117,AR,Santa Fe,medium_airport
SFO,San Francisco International Airport,37.619806,-122.374821,US,San Francisco,large_airport
SFS,Subic Bay International Airport / Naval Air Station Cubi Point,14.794833,120.271883,PH,Olongapo,large_airport
SFT,Skellefteå Airport,64.62480163574219,21.076900482177734,SE,Skellefteå,medium_airport
SGC,Surgut International Airport,61.340501,73.405782,RU,Surgut,large_airport
SGD,Sønderborg Airport,54.96440124511719,9.791729927062988,DK,Sønderborg,medium_airport
SGF,Springfield Branson National Airport,37.245047,-93.388596,US,Springfield,medium_airport
SGN,Tan Son Nhat International Airport,10.8188,106.652,VN,Ho Chi Minh City,large_airport
SGU,St George Regional Airport,37.036389,-113.510306,US,St George,medium_airport
SHA,Shanghai Hongqiao International Airport,31.198104,121.33426,CN,Shanghai (Minhang),large_airport
SHB,Nakashibetsu Airport,43.5774993896,144.960006714,JP,Nakashibetsu,medium_airport
SHD,Shenandoah Valley Regional Airport,38.263802,-78.8964,US,Weyers Cave,medium_airport
SHE,Shenyang Taoxian International Airport,41.6398,123.483668,CN,Shenyang,large_airport
SHI,Shimojishima Airport,24.8267,125.144997,JP,Miyakojima,medium_airport
SHJ,Sharjah International Airport,25.3286,55.5172,AE,Sharjah,large_airport
SHL,Shillong Airport,25.70359992980957,91.97869873046875,IN,Shillong,medium_airport
SHM,Nanki Shirahama Airport,33.6622009277,135.363998413,JP,Shirahama,medium_airport
SHO,King Mswati III International Airport,-26.358611,31.716944,SZ,Mpaka,large_airport
SHR,Sheridan County Airport,44.76919937133789,-106.9800033569336,US,Sheridan,medium_airport
SHS,Jingzhou Shashi Airport,30.29281,112.44854,CN,Jingzhou (Shashi),medium_airport
SHV,Shreveport Regional Airport,32.444747,-93.826741,US,Shreveport,medium_airport
SHW,Sharurah Domestic Airport,17.4669,47.121399,SA,Sharurah,medium_airport
SID,Amílcar Cabral International Airport,16.7414,-22.9494,CV,Espargos,large_airport
SIG,Fernando Luis Ribas Dominicci Airport,18.45680046081543,-66.09809875488281,PR,San Juan,medium_airport
SIN,Singapore Changi Airport,1.35019,103.994003,SG,Singapore,large_airport
SIS,Sishen Airport,-27.6486,22.9993,ZA,Sishen,medium_airport
SIT,Sitka Rocky Gutierrez Airport,57.04710006713867,-135.36199951171875,US,Sitka,medium_airport
SJC,Mineta San Jose International Airport,37.362452,-121.929188,US,San Jose,large_airport
SJD,Los Cabos International Airport,23.151919,-109.720731,MX,San José del Cabo,large_airport
SJE,Jorge E. Gonzalez Torres Airport,2.57969,-72.6394,CO,San José Del Guaviare,medium_airport
SJI,San Jose Airport,12.361499786399998,121.04699707,PH,San Jose,medium_airport
SJJ,Sarajevo International Airport,43.8246,18.331499,BA,Sarajevo,large_airport
SJK,Professor Urbano Ernesto Stumpf Airport,-23.2292,-45.8615,BR,São José Dos Campos,medium_airport
SJL,São Gabriel da Cachoeira Airport,-0.14835,-66.9855,BR,São Gabriel da Cachoeira,medium_airport
SJO,Juan Santamaría International Airport,9.99386,-84.208801,CR,San José (Alajuela),large_airport
SJP,Prof. Eribelto Manoel Reino State Airport,-20.817113,-49.406963,BR,São José do Rio Preto,medium_airport
SJT,San Angelo Regional Mathis Field,31.35770034790039,-100.49600219726562,US,San Angelo,medium_airport
SJU,Luis Munoz Marin International Airport,18.4394,-66.001801,PR,San Juan,large_airport
SJW,Shijiazhuang Zhengding International Airport,38.280701,114.696999,CN,Shijiazhuang,large_airport
SJZ,São Jorge Airport,38.665501,-28.1758,PT,Velas,medium_airport
SKB,Robert L. Bradshaw International Airport,17.310845,-62.719117,KN,Basseterre,large_airport
SKD,Samarkand International Airport,39.701842,66.981467,UZ,Samarkand,large_airport
SKG,Thessaloniki Macedonia International Airport,40.51928,22.970009,GR,Thessaloniki,large_airport
SKN,"Stokmarknes Airport, Skagen",68.578827,15.033417,NO,Hadsel,medium_airport
SKO,Sadiq Abubakar III International Airport,12.915729,5.207547,NG,Sokoto,large_airport
SKP,Skopje International Airport,41.958087,21.622581,MK,Ilinden,large_airport
SKT,Sialkot International Airport,32.535941,74.364623,PK,Sialkot,large_airport
SKX,Saransk International Airport,54.12513,45.212257,RU,Saransk,large_airport
SKZ,Begum Nusrat Bhutto International Airport Sukkur,27.722,68.791702,PK,Sukkur,medium_airport
SLA,Martín Miguel de Güemes International Airport,-24.856001,-65.486198,AR,Salta,large_airport
SLC,Salt Lake City International Airport,40.78886,-111.979866,US,Salt Lake City,large_airport
SLD,Sliač Airport,48.63779830932617,19.13409996032715,SK,Sliač,medium_airport
SLE,Salem-Willamette Valley Airport/McNary Field,44.9095,-123.002998,US,Salem,medium_airport
SLK,Adirondack Regional Airport,44.38691,-74.204629,US,Saranac Lake,medium_airport
SLL,Salalah International Airport,17.0387,54.091301,OM,Salalah,large_airport
SLM,Salamanca Airport,40.952099,-5.50199,ES,Salamanca,medium_airport
SLN,Salina Municipal Airport,38.79100036621094,-97.6521987915039,US,Salina,medium_airport
SLP,Ponciano Arriaga International Airport,22.262026,-100.935692,MX,San Luis Potosí,medium_airport
SLU,George F. L. Charles Airport,14.0202,-60.992901,LC,Castries,medium_airport
SLW,Plan de Guadalupe International Airport,25.53786,-100.928346,MX,Saltillo,medium_airport
SLY,Salekhard Airport,66.5907974243164,66.61100006103516,RU,Salekhard,medium_airport
SLZ,Marechal Cunha Machado International Airport,-2.586386,-44.235008,BR,São Luís,large_airport
SMA,Santa Maria Airport,36.97140121459961,-25.17060089111328,PT,Vila do Porto,medium_airport
SMF,Sacramento International Airport,38.6954,-121.591003,US,Sacramento,large_airport
SMI,Samos Airport,37.689999,26.911699,GR,Samos Island,medium_airport
SML,Stella Maris Airport,23.582317,-75.268621,BS,Stella Maris,medium_airport
SMN,Lemhi County Airport,45.122233,-113.88196,US,Salmon,medium_airport
SMR,Simón Bolívar International Airport,11.1196,-74.2306,CO,Santa Marta,medium_airport
SMS,Sainte Marie Airport,-17.093901,49.8158,MG,Vohilava,medium_airport
SMW,Smara Airport,26.731987,-11.683655,EH,Smara,medium_airport
SMX,Santa Maria Public Airport Captain G Allan Hancock Field,34.898899,-120.457001,US,Santa Maria,medium_airport
SNA,John Wayne Orange County International Airport,33.675063,-117.869281,US,Santa Ana,large_airport
SNB,Snake Bay Airport,-11.417674,130.648481,AU,Milikapiti,medium_airport
SNC,General Ulpiano Paez International Airport,-2.210057,-80.985067,EC,Salinas/La Libertad,large_airport
SNE,Preguiça Airport,16.588852,-24.284132,CV,Preguiça,medium_airport
SNN,Shannon Airport,52.702,-8.92482,IE,Shannon,large_airport
SNO,Sakon Nakhon Airport,17.195100784301758,104.11900329589844,TH,,medium_airport
SNP,St Paul Island Airport,57.166311,-170.222555,US,St Paul Island,medium_airport
SNU,Abel Santamaria International Airport,22.492215,-79.943119,CU,Santa Clara,large_airport
SNV,Santa Elena de Uairén Airport,4.554699,-61.145234,VE,Santa Elena de Uairén,medium_airport
SNW,Thandwe Airport,18.4606990814209,94.30010223388672,MM,Thandwe,medium_airport
SOB,Hévíz–Balaton Airport,46.686391,17.159084,HU,Sármellék,medium_airport
SOC,Adisoemarmo International Airport,-7.516044,110.757492,ID,Surakarta,large_airport
SOF,Sofia Airport,42.696357,23.417671,BG,Sofia,large_airport
SOJ,Sørkjosen Airport,69.786797,20.9594,NO,Sørkjosen,medium_airport
SOM,San Tomé Airport,8.9451465606689,-64.151084899902,VE,El Tigre,medium_airport
SON,Santo Pekoa International Airport,-15.505000114399998,167.220001221,VU,Luganville,medium_airport
SOQ,Domine Eduard Osok Airport,-0.894,131.287,ID,Sorong,medium_airport
SOU,Southampton Airport,50.950298,-1.3568,GB,Southampton,medium_airport
SOW,Show Low Regional Airport,34.264062,-110.007091,US,Show Low,medium_airport
SPC,La Palma Airport,28.626499,-17.7556,ES,"Sta Cruz de la Palma, La Palma Island",medium_airport
SPD,Saidpur Airport,25.759199,88.908897,BD,Saidpur,medium_airport
SPI,Abraham Lincoln Capital Airport,39.844101,-89.677902,US,Springfield,medium_airport
SPN,Saipan International Airport,15.119384,145.728848,MP,"I Fadang, Saipan",medium_airport
SPP,Menongue Airport,-14.657600402832031,17.71980094909668,AO,Menongue,medium_airport
SPR,John Greif II Airport,17.9139,-87.9711,BZ,San Pedro,medium_airport
SPS,Wichita Falls Municipal Airport / Sheppard Air Force Base,33.9888,-98.491898,US,Wichita Falls,medium_airport
SPU,Split Saint Jerome Airport,43.538898,16.298,HR,Split,large_airport
SPX,Sphinx International Airport,30.108179,30.895728,EG,Al Jiza,large_airport
SPY,San Pedro Airport,4.74672,-6.66082,CI,,medium_airport
SQD,Shangrao Sanqingshan Airport,28.3797,117.9643,CN,Shangrao (Hengfeng),medium_airport
SQG,Tebelian Airport,-0.045214,111.458049,ID,Sintang,medium_airport
SQJ,Sanming Shaxian Airport,26.4263,117.8336,CN,Sanming (Sha),medium_airport
SQL,San Carlos Airport,37.51313,-122.250838,US,San Carlos,medium_airport
SRE,Alcantarí International Airport,-19.246835,-65.149611,BO,Sucre,large_airport
SRG,Jenderal Ahmad Yani Airport,-6.970732,110.373244,ID,Semarang,large_airport
SRP,"Stord Airport, Sørstokken",59.791901,5.34085,NO,Leirvik,medium_airport
SRQ,Sarasota Bradenton International Airport,27.394631,-82.554359,US,Sarasota/Bradenton,large_airport
SRT,Soroti Airport,1.7276899814605713,33.622798919677734,UG,Soroti,medium_airport
SRY,Sari Dasht-e Naz International Airport,36.644408,53.188761,IR,Sari,medium_airport
SRZ,El Trompillo Airport,-17.8115997314,-63.1715011597,BO,Santa Cruz,medium_airport
SSA,Deputado Luiz Eduardo Magalhães International Airport,-12.908611,-38.322498,BR,Salvador,large_airport
SSG,Malabo International Airport,3.75527,8.70872,GQ,Malabo,large_airport
SSH,Sharm El Sheikh International Airport,27.977272,34.394717,EG,Sharm El Sheikh,large_airport
SSJ,"Sandnessjøen Airport, Stokka",65.956802,12.4689,NO,Alstahaug,medium_airport
SST,Santa Teresita Airport,-36.5423,-56.7218,AR,Santa Teresita,medium_airport
SSY,Mbanza Congo Airport,-6.269899845123291,14.246999740600586,AO,Mbanza Congo,medium_airport
STC,Saint Cloud Regional Airport,45.5466,-94.059898,US,Saint Cloud,medium_airport
STD,Mayor Buenaventura Vivas International Airport,7.56538,-72.035103,VE,Santo Domingo,medium_airport
STG,St George Airport,56.577345,-169.663823,US,St George,medium_airport
STI,Cibao International Airport,19.40406,-70.604431,DO,Santiago,large_airport
STL,St. Louis Lambert International Airport,38.748697,-90.370003,US,St Louis,large_airport
STM,Santarém - Maestro Wilson Fonseca International Airport,-2.422423,-54.79306,BR,Santarém,medium_airport
STN,London Stansted Airport,51.884998,0.235,GB,"London, Essex",large_airport
STR,Stuttgart Airport,48.689899,9.22196,DE,Stuttgart,large_airport
STS,Charles M. Schulz Sonoma County Airport,38.50899887,-122.8130035,US,Santa Rosa,medium_airport
STT,Cyril E. King Airport,18.337091,-64.977251,VI,Charlotte Amalie,large_airport
STV,Surat International Airport,21.115531,72.743251,IN,Surat,large_airport
STW,Stavropol Shpakovskoye Airport,45.10919952392578,42.11280059814453,RU,Stavropol,medium_airport
STX,Henry E. Rohlsen Airport,17.701413,-64.802608,VI,Christiansted,medium_airport
SUB,Juanda International Airport,-7.37983,112.787003,ID,Surabaya,large_airport
SUF,Lamezia Terme Sant'Eufemia International Airport,38.906214,16.246007,IT,Lamezia Terme (CZ),large_airport
SUG,Surigao Airport,9.755838325629998,125.480947495,PH,Surigao City,medium_airport
SUI,Vladislav Ardzinba Sukhum International Airport,42.8582,41.128101,GE,Sukhumi,large_airport
SUJ,Satu Mare International Airport,47.7033,22.8857,RO,Satu Mare,medium_airport
SUN,Friedman Memorial Airport,43.50439835,-114.2959976,US,Hailey,medium_airport
SUV,Nausori International Airport,-18.044226,178.561486,FJ,Nausori,large_airport
SUX,Sioux Gateway Airport / Brigadier General Bud Day Field,42.397605,-96.382237,US,Sioux City,medium_airport
SVA,Savoonga Airport,63.686401,-170.492996,US,Savoonga,medium_airport
SVB,Sambava Airport,-14.2786,50.174702,MG,Sambava,medium_airport
SVC,Grant County Airport,32.636701,-108.154736,US,Silver City,medium_airport
SVD,Argyle International Airport,13.159725,-61.148801,VC,Kingstown,large_airport
SVG,"Stavanger Airport, Sola",58.876701,5.63778,NO,Stavanger,large_airport
SVI,Eduardo Falla Solano Airport,2.15217,-74.7663,CO,San Vicente Del Caguán,medium_airport
SVJ,"Svolvær Airport, Helle",68.243301,14.6692,NO,Svolvær,medium_airport
SVL,Savonlinna Airport,61.9431,28.945101,FI,Savonlinna,medium_airport
SVO,Sheremetyevo International Airport,55.977486,37.386677,RU,Moscow,large_airport
SVQ,Seville Airport,37.417999,-5.89311,ES,Seville,large_airport
SVX,Koltsovo Airport,56.743099212646,60.802700042725,RU,Yekaterinburg,large_airport
SVZ,Juan Vicente Gómez International Airport,7.840809,-72.439878,VE,San Antonio del Tachira,medium_airport
SWA,Jieyang Chaoshan International Airport,23.552,116.5033,CN,Jieyang (Rongcheng),large_airport
SWF,New York Stewart International Airport,41.50421,-74.108901,US,Newburgh,medium_airport
SWO,Stillwater Regional Airport,36.162132,-97.085581,US,Stillwater,medium_airport
SXB,Strasbourg Airport,48.5383,7.62823,FR,Strasbourg,large_airport
SXM,Princess Juliana International Airport,18.041,-63.108898,SX,Sint Maarten,large_airport
SXR,Srinagar International Airport,33.987099,74.7742,IN,Srinagar,large_airport
SYD,Sydney Kingsford Smith International Airport,-33.946098,151.177002,AU,Sydney (Mascot),large_airport
SYO,Shonai Airport,38.812199,139.787003,JP,Shonai,medium_airport
SYQ,Tobías Bolaños International Airport,9.95705,-84.139801,CR,San Jose,medium_airport
SYR,Syracuse Hancock International Airport,43.11119842529297,-76.1063003540039,US,Syracuse,large_airport
SYS,Saskylakh Airport,71.927902,114.080002,RU,Saskylakh,medium_airport
SYX,Sanya Phoenix International Airport,18.3029,109.412003,CN,Sanya (Tianya),large_airport
SYY,Stornoway Airport,58.215599,-6.33111,GB,"Stornoway, Western Isles",medium_airport
SYZ,Shiraz Shahid Dastghaib International Airport,29.5392,52.589802,IR,Shiraz,large_airport
SZA,Soyo Airport,-6.141089916229248,12.371800422668457,AO,Soyo,medium_airport
SZB,Sultan Abdul Aziz Shah International Airport,3.13058,101.549004,MY,Subang,large_airport
SZF,Samsun-Çarşamba Airport,41.253988,36.567546,TR,Samsun,medium_airport
SZG,Salzburg Airport,47.793301,13.0043,AT,Salzburg,large_airport
SZH,Shuozhou Zirun Airport,39.273241,112.691552,CN,Shuozhou,medium_airport
SZK,Skukuza Airport,-24.96085,31.588587,ZA,Skukuza,medium_airport
SZX,Shenzhen Bao'an International Airport,22.639474,113.803262,CN,Shenzhen,large_airport
SZY,Olsztyn-Mazury Airport,53.481899,20.9377,PL,Szymany,medium_airport
SZZ,Solidarity Szczecin–Goleniów Airport,53.584702,14.9022,PL,Szczecin(Glewice),large_airport
TAB,A.N.R. Robinson International Airport,11.149571,-60.831298,TT,Scarborough,large_airport
TAC,Daniel Z. Romualdez Airport,11.227761,125.027783,PH,Tacloban City,medium_airport
TAE,Daegu International Airport,35.894394,128.656989,KR,Daegu,large_airport
TAG,Bohol-Panglao International Airport,9.573045,123.770143,PH,Panglao,large_airport
TAH,Whitegrass Airport,-19.455099,169.223999,VU,Tanna Island,medium_airport
TAI,Taiz International Airport,13.686,44.139099,YE,Taiz,medium_airport
TAK,Takamatsu Airport,34.214963,134.015454,JP,Takamatsu,large_airport
TAM,General Francisco Javier Mina International Airport,22.292622,-97.867058,MX,Ciudad Madero,medium_airport
TAO,Qingdao Jiaodong International Airport,36.361953,120.088171,CN,Qingdao (Jiaozhou),large_airport
TAP,Tapachula International Airport,14.794549,-92.369871,MX,Tapachula,medium_airport
TAS,Tashkent International Airport,41.2579,69.281197,UZ,Tashkent,large_airport
TAT,Poprad-Tatry Airport,49.070994,20.241394,SK,Poprad,medium_airport
TAY,Tartu Airport,58.307438,26.686473,EE,Tartu,medium_airport
TAZ,Dashoguz International Airport,41.759853,59.836149,TM,Daşoguz,large_airport
TBB,Dong Tac Airport,13.0496,109.334,VN,Tuy Hoa,medium_airport
TBH,Tugdan Airport,12.3109998703,122.084999084,PH,Tablas Island,medium_airport
TBI,New Bight Airport,24.3153,-75.452301,BS,Cat Island,medium_airport
TBJ,Tabarka-Aïn Draham International Airport,36.98,8.87694,TN,Tabarka,medium_airport
TBN,Waynesville-St. Robert Regional Airport-Forney Field,37.7416,-92.140701,US,Fort Leonard Wood,medium_airport
TBP,Captain Pedro Canga Rodríguez International Airport,-3.552074,-80.381086,PE,Tumbes,medium_airport
TBS,Tbilisi International Airport,41.669201,44.9547,GE,Tbilisi,large_airport
TBT,Tabatinga International Airport,-4.25567,-69.935799,BR,Tabatinga,medium_airport
TBU,Fua'amotu International Airport,-21.241438,-175.149164,TO,Nuku'alofa,large_airport
TBZ,Tabriz International Airport,38.1339,46.235001,IR,Tabriz,large_airport
TCA,Tennant Creek Airport,-19.6343994140625,134.18299865722656,AU,Tennant Creek,medium_airport
TCB,Treasure Cay Airport,26.745300293,-77.3912963867,BS,Treasure Cay,medium_airport
TCO,La Florida Airport,1.81442,-78.7492,CO,Tumaco,medium_airport
TCP,Taba International Airport,29.594496,34.775752,EG,Taba,medium_airport
TCQ,Coronel FAP Carlos Ciriani Santa Rosa International Airport,-18.053300857500002,-70.2758026123,PE,Tacna,medium_airport
TCZ,Tengchong Tuofeng Airport,24.938056,98.485833,CN,Baoshan (Tengchong),medium_airport
TDD,Teniente Av. Jorge Henrich Arauz Airport,-14.8187,-64.917999,BO,Trinidad,medium_airport
TDK,Taldykorgan Airport,45.12255,78.442758,KZ,Taldykorgan,medium_airport
TDX,Trat Airport,12.2746,102.319,TH,Laem Ngop,medium_airport
TEB,Teterboro Airport,40.850101,-74.060799,US,Teterboro,medium_airport
TEE,Cheikh Larbi Tébessi Airport,35.4315986633,8.12071990967,DZ,Tébessi,medium_airport
TEN,Tongren Fenghuang Airport,27.883333,109.308889,CN,Tongren (Daxing),medium_airport
TEQ,Tekirdağ Çorlu Airport,41.138199,27.9191,TR,Çorlu,medium_airport
TER,Lajes Airport,38.761799,-27.090799,PT,Praia da Vitória,medium_airport
TET,Tete Airport,-16.104799,33.640202,MZ,Tete,large_airport
TEX,Telluride Regional Airport,37.9538,-107.907997,US,Telluride,medium_airport
TEZ,Tezpur Airport,26.7091007232666,92.78469848632812,IN,,medium_airport
TFF,Tefé Airport,-3.38294,-64.724098,BR,Tefé,medium_airport
TFN,Tenerife Norte-Ciudad de La Laguna Airport,28.482752,-16.341707,ES,Tenerife,large_airport
TFS,Tenerife Sur Airport,28.0445,-16.5725,ES,Tenerife,large_airport
TFU,Chengdu Tianfu International Airport,30.31252,104.441284,CN,Chengdu (Jianyang),large_airport
TGD,Podgorica Airport / Podgorica Golubovci Airbase,42.359402,19.2519,ME,Podgorica,large_airport
TGG,Sultan Mahmud Airport,5.3826398849487305,103.10299682617188,MY,Kuala Terengganu,medium_airport
TGJ,Tiga Airport,-21.096407,167.80379,NC,Tiga,medium_airport
TGM,Târgu Mureş Transilvania International Airport,46.467701,24.4125,RO,Recea,medium_airport
TGO,Tongliao Airport,43.556702,122.199997,CN,Tongliao,medium_airport
TGR,Touggourt Sidi Madhi Airport,33.067799,6.08867,DZ,Touggourt,medium_airport
TGT,Tanga Airport,-5.09236,39.071201,TZ,Tanga,medium_airport
TGU,Toncontín Airport,14.0609,-87.217201,HN,Tegucigalpa,medium_airport
TGZ,Angel Albino Corzo International Airport,16.561611,-93.025731,MX,Tuxtla Gutiérrez,medium_airport
THE,Senador Petrônio Portela Airport,-5.06025,-42.823712,BR,Teresina,medium_airport
THG,Thangool Airport,-24.494863,150.577967,AU,Biloela,medium_airport
THL,Tachileik Airport,20.483800888061523,99.9354019165039,MM,Tachileik,medium_airport
THN,Trollhättan-Vänersborg Airport,58.31809997558594,12.345000267028809,SE,Trollhättan,medium_airport
THQ,Tianshui Maijishan Airport,34.5601,105.860343,CN,Tianshui (Maiji),medium_airport
THR,Mehrabad International Airport,35.689175,51.314392,IR,Tehran,large_airport
THS,Sukhothai Airport,17.238000869750977,99.81819915771484,TH,,medium_airport
TIA,Tirana International Airport Mother Teresa,41.4147,19.7206,AL,Rinas,large_airport
TIF,Taif International Airport,21.484739,40.544074,SA,Taif,large_airport
TIH,Tikehau Airport,-15.1196,-148.231003,PF,Tuherahera,medium_airport
TIJ,General Abelardo L. Rodriguez International Airport,32.541043,-116.969976,MX,Tijuana,large_airport
TIM,Mozes Kilangin Airport,-4.52978,136.887388,ID,Timika,medium_airport
TIN,Tindouf Airport,27.7003993988,-8.167099952700001,DZ,Tindouf,medium_airport
TIQ,Francisco Manglona Borja / Tinian International Airport,14.999207,145.619355,MP,Tinian Island,medium_airport
TIR,Tirupati International Airport,13.631988,79.539869,IN,Tirupati,large_airport
TIU,Timaru Airport,-44.302799224853516,171.22500610351562,NZ,,medium_airport
TIV,Tivat Airport,42.404701,18.723301,ME,Tivat,medium_airport
TIW,Tacoma Narrows Airport,47.267407,-122.577295,US,Tacoma,medium_airport
TJA,Capitan Oriel Lea Plaza Airport,-21.5557,-64.701302,BO,Tarija,medium_airport
TJG,Warukin Airport,-2.21656,115.435997,ID,Tanta-Tabalong,medium_airport
TJH,Konotori Tajima Airport,35.512798,134.787003,JP,Toyooka,medium_airport
TJK,Tokat Airport,40.32472,36.39056,TR,Tokat,medium_airport
TJM,Roshchino International Airport,57.178984,65.327696,RU,Tyumen,large_airport
TJU,Kulob International Airport,37.988098,69.805,TJ,Kulob,large_airport
TKD,Takoradi Airport,4.896059989929199,-1.7747600078582764,GH,Sekondi-Takoradi,medium_airport
TKF,Truckee Tahoe Airport,39.318628,-120.140562,US,Truckee,medium_airport
TKG,Radin Inten II International Airport,-5.246803,105.182531,ID,Bandar Lampung,medium_airport
TKK,Chuuk International Airport,7.46187,151.843002,FM,Weno Island,large_airport
TKN,Tokunoshima Airport,27.836382,128.881356,JP,Amagi,medium_airport
TKP,Takapoto Airport,-14.709500312805176,-145.24600219726562,PF,,medium_airport
TKS,Tokushima Awaodori Airport / JMSDF Tokushima Air Base,34.132559,134.607816,JP,Tokushima,large_airport
TKU,Turku Airport,60.514099,22.2628,FI,Turku,large_airport
TKX,Takaroa Airport,-14.45580005645752,-145.02499389648438,PF,,medium_airport
TLC,Adolfo López Mateos International Airport,19.3369,-99.56583,MX,Toluca,large_airport
TLE,Toliara Airport,-23.3834,43.7285,MG,Toliara,medium_airport
TLH,Tallahassee International Airport,30.401209,-84.35433,US,Tallahassee,medium_airport
TLL,Lennart Meri Tallinn Airport,59.413246,24.83264,EE,Tallinn,large_airport
TLM,Zenata – Messali El Hadj Airport,35.012732,-1.457117,DZ,Zenata,large_airport
TLN,Toulon-Hyères Airport,43.097301,6.14603,FR,"Hyères, Var",medium_airport
TLQ,Turpan Jiaohe Airport,43.0308,89.0987,CN,Turpan,medium_airport
TLS,Toulouse-Blagnac Airport,43.629101,1.36382,FR,Toulouse/Blagnac,large_airport
TLV,Ben Gurion International Airport,32.011398,34.8867,IL,Tel Aviv,large_airport
TME,Gustavo Vargas Airport,6.45108,-71.7603,CO,Tame,medium_airport
TMH,Tanah Merah Airport,-6.09669,140.303521,ID,Tanah Merah,medium_airport
TMJ,Termez Airport,37.287261,67.311869,UZ,Termez,medium_airport
TML,Yakubu Tali International Airport,9.553909,-0.86606,GH,Tamale,large_airport
TMM,Toamasina Ambalamanasy Airport,-18.113537,49.392262,MG,Toamasina,large_airport
TMP,Tampere-Pirkkala Airport,61.414101,23.604401,FI,Tampere / Pirkkala,large_airport
TMR,Aguenar – Hadj Bey Akhamok Airport,22.810992,5.450832,DZ,Tamanrasset,large_airport
TMS,São Tomé International Airport,0.378175,6.71215,ST,São Tomé,large_airport
TMT,Trombetas Airport,-1.4896,-56.396801,BR,Oriximiná,medium_airport
TMW,Tamworth Airport,-31.077898,150.845484,AU,Tamworth,medium_airport
TMX,Timimoun Airport,29.237101,0.276033,DZ,Timimoun,medium_airport
TNA,Jinan Yaoqiang International Airport,36.857201,117.216003,CN,Jinan (Licheng),large_airport
TND,Alberto Delgado Airport,21.7883,-79.9972,CU,Trinidad,medium_airport
TNE,New Tanegashima Airport,30.605100631699997,130.990997314,JP,Tanegashima,medium_airport
TNG,Tangier Ibn Battuta Airport,35.731741,-5.921459,MA,Tangier,large_airport
TNH,Tonghua Sanyuanpu Airport,42.048435,125.733963,CN,Tonghua,medium_airport
TNJ,Raja Haji Fisabilillah International Airport,0.92397,104.53341,ID,Tanjung Pinang-Bintan Island,medium_airport
TNN,Tainan International Airport / Tainan Air Base,22.950399,120.206001,TW,Tainan (Rende),large_airport
TNR,Ivato International Airport,-18.7969,47.478802,MG,Antananarivo,large_airport
TOD,Tioman Airport,2.81818,104.160004,MY,Tioman Island,medium_airport
TOE,Tozeur Nefta International Airport,33.939701080322266,8.110560417175293,TN,Tozeur,medium_airport
TOF,Tomsk Kamov Airport,56.380299,85.208298,RU,Tomsk,large_airport
TOL,Eugene F. Kranz Toledo Express Airport,41.5868,-83.8078,US,Toledo,medium_airport
TOM,Tombouktou Airport,16.730499,-3.00758,ML,Timbuktu,large_airport
TOS,Tromsø Airport,69.683296,18.9189,NO,Tromsø,large_airport
TOU,Touho Airport,-20.790127,165.259524,NC,Touho,medium_airport
TOY,Toyama Kitokito Airport,36.648416,137.187359,JP,Toyama,medium_airport
TPA,Tampa International Airport,27.9755,-82.533203,US,Tampa,large_airport
TPE,Taiwan Taoyuan International Airport,25.0777,121.233002,TW,Taoyuan,large_airport
TPJ,Taplejung Airport,27.3509,87.69525,NP,Taplejung,medium_airport
TPP,Cadete FAP Guillermo Del Castillo Paredes Airport,-6.508739948272705,-76.37319946289062,PE,Tarapoto,medium_airport
TPQ,Amado Nervo National Airport,21.419833,-104.842472,MX,Tepic,medium_airport
TPS,Vincenzo Florio Airport Trapani-Birgi,37.9114,12.488,IT,Trapani (TP),medium_airport
TQO,Felipe Carrillo Puerto International Airport Tulum,20.172098,-87.660272,MX,Tulum,large_airport
TRA,Tarama Airport,24.653793,124.675453,JP,Tarama,medium_airport
TRC,Francisco Sarabia Tinoco International Airport,25.562265,-103.404608,MX,Torreón,medium_airport
TRD,"Trondheim Airport, Værnes",63.457802,10.924,NO,Trondheim,large_airport
TRE,Tiree Airport,56.499199,-6.86917,GB,"Balemartine, Argyll and Bute",medium_airport
TRF,"Sandefjord Airport, Torp",59.186699,10.2586,NO,Sandefjord(Torp),large_airport
TRG,Tauranga Airport,-37.67190170288086,176.1959991455078,NZ,Tauranga,medium_airport
TRI,Tri-Cities Regional TN/VA Airport,36.475201,-82.407401,US,Blountville,medium_airport
TRK,Juwata International Airport / Suharnoko Harbani AFB,3.325145,117.564169,ID,Tarakan,medium_airport
TRN,Turin Airport,45.200802,7.64963,IT,Caselle Torinese (TO),large_airport
TRR,China Bay Airport,8.539159,81.18128,LK,Trincomalee,medium_airport
TRS,Trieste Airport,45.827862,13.466672,IT,Ronchi dei Legionari/Trieste,large_airport
TRT,Toraja Airport,-3.184359,119.919104,ID,Toraja,medium_airport
TRU,Capitán FAP Carlos Martínez de Pinillos International Airport,-8.082382,-79.108821,PE,Trujillo,large_airport
TRV,Thiruvananthapuram International Airport,8.481889,76.920029,IN,Thiruvananthapuram,large_airport
TRW,Bonriki International Airport,1.38164,173.147003,KI,South Tarawa,large_airport
TRZ,Tiruchirappalli International Airport,10.762915,78.717741,IN,Tiruchirappalli,large_airport
TSA,Taipei Songshan International Airport,25.067244,121.552822,TW,Taipei (Songshan),large_airport
TSF,Treviso Airport,45.648399,12.1944,IT,Treviso (TV),large_airport
TSJ,Tsushima Airport,34.2849006653,129.330993652,JP,Tsushima,medium_airport
TSM,Taos Regional Airport,36.452494,-105.67749,US,Taos,medium_airport
TSN,Tianjin Binhai International Airport,39.124401092499994,117.346000671,CN,Tianjin,large_airport
TSR,Timișoara Traian Vuia International Airport,45.809898,21.3379,RO,Timişoara,large_airport
TST,Trang Airport,7.50874,99.6166,TH,Trang,medium_airport
TSV,Townsville Airport / RAAF Base Townsville,-19.252904,146.766512,AU,Townsville,medium_airport
TTA,Tan Tan Airport,28.447563,-11.161749,MA,Tan Tan,medium_airport
TTE,Sultan Babullah Airport,0.831012,127.381611,ID,Ternate,medium_airport
TTJ,Tottori Sand Dunes Conan Airport,35.530058,134.165023,JP,Tottori,medium_airport
TTN,Trenton Mercer Airport,40.276699,-74.813499,US,Ewing Township,medium_airport
TTT,Taitung Airport,22.754856,121.101794,TW,Taitung City,medium_airport
TTU,Sania Ramel Airport,35.594299,-5.32002,MA,Tétouan,large_airport
TUA,Lieutenant Colonel Luis A. Mantilla International Airport,0.809506,-77.708099,EC,Tulcán,medium_airport
TUB,Tubuai Airport,-23.365400314331055,-149.5240020751953,PF,,medium_airport
TUC,Teniente Benjamín Matienzo International Airport,-26.837397,-65.104195,AR,San Miguel de Tucumán,large_airport
TUF,Tours Val de Loire Airport,47.432201,0.727606,FR,"Tours, Indre-et-Loire",medium_airport
TUG,Tuguegarao Airport,17.6433676823,121.733150482,PH,Tuguegarao City,medium_airport
TUI,Turaif Domestic Airport,31.692188,38.731544,SA,Turaif,medium_airport
TUK,Turbat International Airport,25.984767,63.028856,PK,Turbat,large_airport
TUL,Tulsa International Airport,36.197084,-95.886225,US,Tulsa,large_airport
TUN,Tunis Carthage International Airport,36.851002,10.2272,TN,Tunis,large_airport
TUO,Taupo Airport,-38.73970031738281,176.08399963378906,NZ,Taupo,medium_airport
TUP,Tupelo Regional Airport,34.26810073852539,-88.7698974609375,US,Tupelo,medium_airport
TUR,Tucuruí Airport,-3.78601,-49.720299,BR,Tucuruí,medium_airport
TUS,Tucson International Airport,32.115004,-110.938053,US,Tucson,large_airport
TUU,Prince Sultan bin Abdulaziz International Airport,28.3711,36.624865,SA,Tabuk,large_airport
TVC,Cherry Capital Airport,44.741402,-85.582199,US,Traverse City,medium_airport
TVF,Thief River Falls Regional Airport,48.065701,-96.184998,US,Thief River Falls,medium_airport
TVT,Tashkent-Khumo International Airport,41.312889,69.395535,UZ,Tashkent,medium_airport
TVY,Dawei Airport,14.1039,98.203598,MM,Dawei,medium_airport
TWF,Joslin Field Magic Valley Regional Airport,42.4818,-114.487999,US,Twin Falls,medium_airport
TWT,Sanga Sanga Airport,5.048196,119.743338,PH,Bongao,medium_airport
TWU,Tawau Airport,4.31338,118.12152,MY,Tawau,medium_airport
TXE,Rembele Airport,4.72113,96.851943,ID,Takengon,medium_airport
TXK,Texarkana Regional Airport (Webb Field),33.453701,-93.990997,US,Texarkana,medium_airport
TXN,Huangshan Tunxi International Airport,29.733299,118.255997,CN,Huangshan,large_airport
TYF,Torsby Airport,60.1576,12.9913,SE,Torsby,medium_airport
TYL,Captain Victor Montes Arias International Airport,-4.57664,-81.254097,PE,Talara,medium_airport
TYN,Taiyuan Wusu International Airport,37.746899,112.627998,CN,Taiyuan,large_airport
TYR,Tyler Pounds Regional Airport,32.35409927368164,-95.40239715576172,US,Tyler,medium_airport
TYS,McGhee Tyson Airport,35.811001,-83.994003,US,Knoxville/Maryville,large_airport
TZA,Sir Barry Bowen Municipal Airport,17.517239,-88.195775,BZ,Belize City,medium_airport
TZL,Tuzla International Airport,44.459858,18.723627,BA,Dubrave Gornje,large_airport
TZN,Congo Town Airport,24.158701,-77.589798,BS,Andros,medium_airport
TZX,Trabzon International Airport,40.995098,39.7897,TR,Trabzon,medium_airport
UAI,"Commander in Chief of FALINTIL, Kay Rala Xanana Gusmão, International Airport",-9.301856,125.286302,TL,Suai,medium_airport
UAQ,Domingo Faustino Sarmiento Airport,-31.571501,-68.418198,AR,San Juan,medium_airport
UAR,Bouarfa Airport,32.514306,-1.983056,MA,Bouarfa,medium_airport
UBA,Mário de Almeida Franco Airport,-19.765036,-47.964805,BR,Uberaba,medium_airport
UBJ,Yamaguchi Ube Airport,33.93,131.279007,JP,Ube,medium_airport
UBN,Ulaanbaatar Chinggis Khaan International Airport,47.646916,106.819833,MN,Ulaanbaatar (Sergelen),large_airport
UBP,Ubon Ratchathani Airport,15.2512998581,104.870002747,TH,Ubon Ratchathani,medium_airport
UCB,Ulanqab Jining Airport,41.130266,113.107274,CN,Ulanqab,medium_airport
UCT,Ukhta Airport,63.566898,53.804699,RU,Ukhta,medium_airport
UDI,Ten. Cel. Aviador César Bombonato Airport,-18.883579,-48.225936,BR,Uberlândia,medium_airport
UDR,Maharana Pratap Airport,24.617700576799997,73.89610290530001,IN,Udaipur,medium_airport
UEL,Quelimane Airport,-17.855499267578125,36.86909866333008,MZ,Quelimane,medium_airport
UEO,Kumejima Airport,26.363445,126.71384,JP,Kumejima,medium_airport
UET,Quetta International Airport,30.2514,66.937798,PK,Quetta,large_airport
UFA,Ufa International Airport,54.557499,55.874401,RU,Ufa,large_airport
UGA,Bulgan Airport,48.85499954223633,103.47599792480469,MN,Bulgan,medium_airport
UGC,Urgench International Airport,41.58274,60.64338,UZ,Urgench,large_airport
UGU,Bilorai Airport,-3.739503,137.031183,ID,Bilogai,medium_airport
UIB,El Caraño Airport,5.69076,-76.6412,CO,Quibdó,medium_airport
UIH,Phu Cat Airport,13.955,109.042,VN,Quy Nohn,medium_airport
UIN,Quincy Regional Airport Baldwin Field,39.942699,-91.194603,US,Quincy,medium_airport
UIO,Mariscal Sucre International Airport,-0.125399,-78.354306,EC,Quito,large_airport
UKB,Kobe Airport,34.632801,135.223999,JP,Kobe,large_airport
UKE,Utkela Airport,20.097778,83.183333,IN,Bhawanipatna,medium_airport
UKK,Oskemen International Airport,50.035033,82.496057,KZ,Ust-Kamenogorsk (Oskemen),large_airport
UKX,Ust-Kut Airport,56.856701,105.730003,RU,Ust-Kut,medium_airport
ULG,Ölgii Mongolei International Airport,48.993301,89.922501,MN,Ölgii,medium_airport
ULH,Al-Ula International Airport,26.483634,38.117048,SA,Al-Ula,large_airport
ULK,Lensk Airport,60.723594,114.825319,RU,Lensk,medium_airport
ULO,Ulaangom Airport,50.066588,91.938273,MN,Ulaangom,medium_airport
ULP,Quilpie Airport,-26.609176,144.253746,AU,,medium_airport
ULU,Gulu Airport,2.8055601119995117,32.27180099487305,UG,Gulu,medium_airport
ULV,Ulyanovsk Baratayevka Airport,54.27016,48.225569,RU,Ulyanovsk,medium_airport
ULY,Ulyanovsk Vostochny Airport,54.401001,48.8027,RU,Cherdakly,medium_airport
UME,Umeå Airport,63.791801,20.282801,SE,Umeå,large_airport
UNI,Union Island International Airport,12.600135,-61.411945,VC,Union Island,medium_airport
UNK,Unalakleet Airport,63.888401,-160.798996,US,Unalakleet,medium_airport
UNN,Ranong Airport,9.77762,98.585503,TH,Ranong,medium_airport
UPG,Sultan Hasanuddin International Airport,-5.075539,119.553702,ID,Makassar,large_airport
UPN,Uruapan - Licenciado y General Ignacio Lopez Rayon International Airport,19.3967,-102.039001,MX,Uruapan,medium_airport
URA,Manshuk Mametova International Airport,51.151976,51.543652,KZ,Uralsk,large_airport
URC,Ürümqi Tianshan International Airport,43.913584,87.479372,CN,Ürümqi,large_airport
URE,Kuressaare Airport,58.22990036010742,22.50950050354004,EE,Kuressaare,medium_airport
URG,Rubem Berta Airport,-29.7822,-57.0382,BR,Uruguaiana,medium_airport
URJ,Uray Airport,60.103298,64.826698,RU,Uray,medium_airport
URT,Surat Thani Airport,9.13259983063,99.135597229,TH,Surat Thani,medium_airport
URY,Gurayat Domestic Airport,31.412413,37.278898,SA,Gurayat,medium_airport
USA,Concord-Padgett Regional Airport,35.387798,-80.709099,US,Concord,medium_airport
USH,Ushuaia - Malvinas Argentinas International Airport,-54.8433,-68.2958,AR,Ushuaia,medium_airport
USK,Usinsk Airport,66.0047,57.367199,RU,Usinsk,medium_airport
USM,Samui International Airport,9.54779,100.061996,TH,Na Thon (Ko Samui Island),large_airport
USN,Ulsan Airport,35.59349823,129.352005005,KR,Ulsan,medium_airport
USR,Ust-Nera Airport,64.550003,143.115005,RU,Ust-Nera,medium_airport
UST,Northeast Florida Regional Airport,29.9592,-81.339798,US,St Augustine,medium_airport
USU,Francisco B. Reyes (Busuanga) Airport,12.121865,120.100801,PH,Coron,medium_airport
UTH,Udon Thani International Airport,17.386186,102.788577,TH,Udon Thani,large_airport
UTN,Upington Airport,-28.400246,21.263592,ZA,Upington,medium_airport
UTO,Indian Mountain LRRS Airport,65.992798,-153.703995,US,Utopia Creek,medium_airport
UTP,U-Tapao–Rayong–Pattaya International Airport,12.6799,101.004997,TH,Rayong,large_airport
UTT,K. D. Matanzima Airport,-31.546363184900002,28.6733551025,ZA,Mthatha,medium_airport
UUA,Bugulma Airport,54.641184,52.800229,RU,Bugulma,medium_airport
UUD,Baikal International Airport,51.808614,107.439652,RU,Ulan Ude,large_airport
UUS,Yuzhno-Sakhalinsk International Airport,46.885461,142.717466,RU,Yuzhno-Sakhalinsk,large_airport
UVE,Ouvéa Airport,-20.640932,166.573024,NC,Ouvéa,medium_airport
UVF,Hewanorra International Airport,13.7332,-60.952599,LC,Vieux Fort,large_airport
UYL,Nyala Airport,12.0535,24.9562,SD,Nyala,medium_airport
UYN,Yulin Yuyang Airport,38.35971,109.590927,CN,Yulin,medium_airport
UYU,Joya Andina International Airport,-20.441304,-66.857553,BO,Quijarro,large_airport
VAA,Vaasa Airport,63.05023,21.762543,FI,Vaasa,large_airport
VAI,Vanimo Airport,-2.6926,141.3028,PG,Vanimo,medium_airport
VAM,Villa International Airport Maamigili,3.471751,72.832633,MV,Maamigili,medium_airport
VAN,Van Ferit Melen Airport,38.46820068359375,43.332298278808594,TR,Van,medium_airport
VAQ,Vanavara Airport,60.356229,102.309641,RU,Vanavara,medium_airport
VAR,Varna Airport,43.232101,27.8251,BG,Varna,large_airport
VAS,Sivas Nuri Demirağ Airport,39.813801,36.9035,TR,Sivas,medium_airport
VAV,Vava'u International Airport,-18.5853,-173.962006,TO,Vava'u Island,large_airport
VAW,"Vardø Airport, Svartnes",70.3554,31.044901,NO,Vardø,medium_airport
VBS,Brescia Gabriele d'Annunzio Airport,45.428902,10.3306,IT,Montichiari (BS),medium_airport
VBY,Visby Airport,57.6628,18.346201,SE,Visby,large_airport
VCA,Can Tho International Airport,10.083397,105.709371,VN,Can Tho,large_airport
VCE,Venice Marco Polo Airport,45.505299,12.3519,IT,Venezia (VE),large_airport
VCP,Viracopos International Airport,-23.007404,-47.134502,BR,Campinas,large_airport
VCS,Con Dao Airport,8.73183,106.633003,VN,Con Dao,medium_airport
VCT,Victoria Regional Airport,28.85260009765625,-96.91850280761719,US,Victoria,medium_airport
VDC,Glauber de Andrade Rocha Airport,-14.907885,-40.914804,BR,Vitória da Conquista,medium_airport
VDE,El Hierro Airport,27.8148,-17.8871,ES,El Hierro Island,medium_airport
VDH,Dong Hoi Airport,17.515,106.590556,VN,Dong Hoi,medium_airport
VDM,Gobernador Castello Airport,-40.8692,-63.0004,AR,Viedma / Carmen de Patagones,medium_airport
VDO,Van Don International Airport,21.120693,107.41539,VN,Van Don,medium_airport
VDS,Vadsø Airport,70.0653,29.8447,NO,Vadsø,medium_airport
VDZ,Valdez Pioneer Field,61.132712,-146.246567,US,Valdez,medium_airport
VEL,Vernal Regional Airport,40.436214,-109.511661,US,Vernal,medium_airport
VEO,Severo-Yeniseysk Airport,60.373299,93.011703,RU,Severo-Yeniseysk,medium_airport
VER,General Heriberto Jara International Airport,19.139589,-96.188602,MX,Veracruz,large_airport
VFA,Victoria Falls International Airport,-18.097437,25.836867,ZW,Victoria Falls,large_airport
VGA,Vijayawada International Airport,16.530011,80.804888,IN,Vijayawada,large_airport
VGO,Vigo Airport,42.2318,-8.62677,ES,Vigo,medium_airport
VHM,Vilhelmina South Lapland Airport,64.579102,16.833599,SE,Vilhelmina,medium_airport
VIE,Vienna International Airport,48.110298,16.5697,AT,Vienna,large_airport
VIG,Juan Pablo Pérez Alfonso Airport,8.624139,-71.672668,VE,El Vigía,medium_airport
VII,Vinh Airport,18.7376003265,105.67099762,VN,Vinh,medium_airport
VIJ,Virgin Gorda Airport,18.446634,-64.427932,VG,Spanish Town,medium_airport
VIL,Dakhla Airport,23.7183,-15.932,EH,Dakhla,large_airport
VIT,Vitoria Airport,42.882801,-2.72447,ES,Alava,medium_airport
VIX,Eurico de Aguiar Salles International Airport,-20.258,-40.285,BR,Vitória,large_airport
VKG,Rach Gia Airport,9.95802997234,105.132379532,VN,Rach Gia,medium_airport
VKO,Vnukovo International Airport,55.591499,37.261501,RU,Moscow,large_airport
VKT,Vorkuta Airport,67.488602,63.993099,RU,Vorkuta,medium_airport
VLC,Valencia Airport,39.489162,-0.480961,ES,Valencia,large_airport
VLD,Valdosta Regional Airport,30.782499313354492,-83.27670288085938,US,Valdosta,medium_airport
VLI,Bauerfield International Airport,-17.699301,168.320007,VU,Port Vila,large_airport
VLL,Valladolid Airport,41.7061,-4.85194,ES,Valladolid,medium_airport
VLN,Arturo Michelena International Airport,10.149733,-67.928398,VE,Valencia,large_airport
VLV,Dr. Antonio Nicolás Briceño Airport,9.340478,-70.584061,VE,Valera,medium_airport
VMU,Baimuru Airport,-7.496955,144.821756,PG,Baimuru,medium_airport
VNO,Vilnius International Airport,54.634102,25.285801,LT,Vilnius,large_airport
VNS,Lal Bahadur Shastri International Airport,25.452171,82.862549,IN,Varanasi,large_airport
VNX,Vilankulo Airport,-22.018400192260742,35.31330108642578,MZ,Vilanculo,medium_airport
VOG,Volgograd International Airport,48.78134,44.339194,RU,Volgograd,large_airport
VOL,Nea Anchialos National Airport,39.219601,22.7943,GR,Nea Anchialos,medium_airport
VOZ,Voronezh International Airport,51.814324,39.230948,RU,Voronezh,medium_airport
VPE,Ngjiva Pereira Airport,-17.0435009003,15.683799743700002,AO,Ngiva,medium_airport
VPN,Vopnafjörður Airport,65.720596,-14.8506,IS,Vopnafjörður,medium_airport
VPS,Destin-Fort Walton Beach Airport,30.481315,-86.515839,US,Valparaiso,medium_airport
VPY,Chimoio Airport,-19.15130043029785,33.42900085449219,MZ,Chimoio,medium_airport
VQS,Antonio Rivera Rodriguez Airport,18.1348,-65.493599,PR,Vieques,medium_airport
VRA,Juan Gualberto Gomez International Airport,23.034401,-81.435303,CU,Matanzas,large_airport
VRB,Vero Beach Regional Airport,27.6556,-80.417901,US,Vero Beach,medium_airport
VRC,Virac Airport,13.576399803161621,124.20600128173828,PH,Virac,medium_airport
VRL,Vila Real Airport,41.2743,-7.72047,PT,Vila Real,medium_airport
VRN,Verona Villafranca Valerio Catullo Airport,45.394955,10.887303,IT,Caselle (VR),large_airport
VSA,Carlos Rovirosa Pérez International Airport,17.994283,-92.818199,MX,Villahermosa,large_airport
VSE,Aerodromo Goncalves Lobato (Viseu Airport),40.725498,-7.88899,PT,Viseu,medium_airport
VST,Stockholm Västerås Airport,59.589401,16.6336,SE,Stockholm / Västerås,large_airport
VTE,Wattay International Airport,17.985052,102.566692,LA,Vientiane,large_airport
VTU,Hermanos Ameijeiras Airport,20.9876,-76.935799,CU,Las Tunas,medium_airport
VTZ,Alluri Sitarama Raju International Airport (Vizag),17.971512,83.503617,IN,Visakhapatnam,large_airport
VUP,Alfonso López Pumarejo Airport,10.435,-73.2495,CO,Valledupar,medium_airport
VUS,Velikiy Ustyug Airport,60.7883,46.259998,RU,Velikiy Ustyug,medium_airport
VVC,Vanguardia Airport,4.16787,-73.6138,CO,Villavicencio,medium_airport
VVI,Viru Viru International Airport,-17.6448,-63.135399,BO,Santa Cruz,large_airport
VVO,Vladivostok International Airport,43.396256,132.148155,RU,Artyom,large_airport
VVZ,Illizi Takhamalt Airport,26.723499,8.62265,DZ,Illizi,medium_airport
VXC,Lichinga Airport,-13.274,35.2663,MZ,Lichinga,medium_airport
VXE,Cesaria Evora International Airport,16.833363,-25.055308,CV,São Pedro,large_airport
VXO,Växjö Kronoberg Airport,56.929100036621094,14.727999687194824,SE,Växjö,medium_airport
VYI,Vilyuisk Airport,63.756668,121.693336,RU,Vilyuisk,medium_airport
WAE,Wadi Al Dawasir Domestic Airport,20.504299,45.1996,SA,Wadi Al Dawasir,medium_airport
WAG,Wanganui Airport,-39.963467,175.02444,NZ,Wanganui,medium_airport
WAW,Warsaw Chopin Airport,52.165699,20.9671,PL,Warsaw,large_airport
WBM,Wapenamanda Airport,-5.635293,143.892231,PG,Wapenamanda,medium_airport
WDH,Hosea Kutako International Airport,-22.4799,17.4709,NA,Windhoek,large_airport
WDS,Shiyan Wudangshan Airport,32.592889,110.906296,CN,Shiyan (Maojian),medium_airport
WEF,Weifang Nanyuan Airport,36.646702,119.119003,CN,Weifang (Kuiwen),medium_airport
WEH,Weihai Dashuibo Airport,37.187099,122.228996,CN,Weihai,medium_airport
WEI,Weipa Airport,-12.677493,141.922618,AU,Weipa,medium_airport
WGA,Wagga Wagga Airport,-35.163484,147.46832,AU,Forest Hill,medium_airport
WGE,Walgett Airport,-30.032801,148.126007,AU,,medium_airport
WGN,Shaoyang Wugang Airport,26.806123,110.641042,CN,Shaoyang (Wugang),medium_airport
WHA,Wuhu Xuanzhou Airport,31.1045,118.66687,CN,Wuhu,medium_airport
WHK,Whakatāne Airport,-37.922224,176.91696,NZ,Whakatāne,medium_airport
WIC,Wick John O'Groats Airport,58.4589,-3.09306,GB,Wick,medium_airport
WIL,Nairobi Wilson Airport,-1.32172,36.8148,KE,Nairobi,medium_airport
WIN,Winton Airport,-22.36359977722168,143.08599853515625,AU,,medium_airport
WJR,Wajir Airport,1.73324,40.091599,KE,Wajir,medium_airport
WJU,Wonju Airport / Hoengseong Air Base (K-38/K-46),37.437113,127.960051,KR,Wonju,medium_airport
WKA,Wanaka Airport,-44.722091,169.246287,NZ,Wanaka,medium_airport
WKJ,Wakkanai Airport,45.4042015076,141.800994873,JP,Wakkanai,medium_airport
WKK,Aleknagik / New Airport,59.2826004028,-158.617996216,US,Aleknagik,medium_airport
WLG,Wellington International Airport,-41.326839,174.806862,NZ,Wellington,large_airport
WLS,Hihifo Airport,-13.239445,-176.19865,WF,Wallis Island,large_airport
WMI,Warsaw Modlin Airport,52.451099,20.6518,PL,Nowy Dwór Mazowiecki,large_airport
WMN,Maroantsetra Airport,-15.437742,49.689081,MG,Maroantsetra,medium_airport
WMT,Zunyi Maotai Airport,27.961837,106.435416,CN,Zunyi,medium_airport
WMX,Wamena Airport,-4.097324,138.952417,ID,Wamena,medium_airport
WNI,Matahora Airport,-5.292123,123.636233,ID,Wangi-wangi Island,medium_airport
WNP,Naga Airport,13.58489990234375,123.2699966430664,PH,Naga,medium_airport
WNR,Windorah Airport,-25.410641,142.668428,AU,Windorah,medium_airport
WNS,Shaheed Benazirabad Airport,26.2194,68.390099,PK,Nawabashah,medium_airport
WNZ,Wenzhou Longwan International Airport,27.910572,120.853465,CN,Wenzhou (Longwan),large_airport
WOS,Wonsan Kalma Airport,39.165219,127.487931,KP,Wonsan,medium_airport
WRE,Whangarei Airport,-35.769253,174.363713,NZ,Whangarei,medium_airport
WRG,Wrangell Airport,56.48429871,-132.3699951,US,Wrangell,medium_airport
WRO,Copernicus Wrocław Airport,51.103719,16.882096,PL,Wrocław,large_airport
WST,Westerly State Airport,41.349602,-71.803398,US,Westerly,medium_airport
WSZ,Westport Airport,-41.737111,171.579033,NZ,Westport,medium_airport
WTB,Toowoomba Wellcamp Airport,-27.558332,151.793335,AU,Toowoomba,large_airport
WUA,Wuhai Airport,39.7934,106.7993,CN,Wuhai,medium_airport
WUH,Wuhan Tianhe International Airport,30.774798,114.213723,CN,Wuhan (Huangpi),large_airport
WUN,Wiluna Airport,-26.632691,120.221906,AU,,medium_airport
WUS,Nanping Wuyishan Airport,27.7019,118.000999,CN,Wuyishan,medium_airport
WUU,Wau Airport,7.72583,27.975,SS,Wau,medium_airport
WUX,Sunan Shuofang International Airport,31.496952,120.43038,CN,Wuxi,large_airport
WUZ,Wuzhou Xijiang Airport,23.40316,111.09331,CN,Tangbu,medium_airport
WVB,Walvis Bay International Airport,-22.979332,14.647102,NA,Walvis Bay(Rooikop),large_airport
WWK,Wewak International Airport,-3.58383011818,143.669006348,PG,Wewak,medium_airport
WYA,Whyalla Airport,-33.05889892578125,137.51400756835938,AU,Whyalla,medium_airport
WYS,Yellowstone Airport,44.6884,-111.117996,US,West Yellowstone,medium_airport
XAI,Xinyang Minggang Airport,32.540819,114.079141,CN,Xinyang,medium_airport
XAP,Serafin Enoss Bertaso Airport,-27.134199,-52.656601,BR,Chapecó,medium_airport
XBJ,Birjand International Airport,32.896525,59.281258,IR,Birjand,large_airport
XCH,Christmas Island International Airport,-10.450387,105.6911,CX,Flying Fish Cove,medium_airport
XCR,Chalons Vatry airport,48.77333,4.20611,FR,Chalons en Champagne,medium_airport
XFN,Xiangyang Liuji Airport,32.152222,112.291666,CN,Xiangyang (Xiangzhou),medium_airport
XIC,Xichang Qingshan Airport,27.9891,102.183998,CN,Liangshan (Xichang),medium_airport
XIL,Xilinhot Airport,43.91559982299805,115.96399688720703,CN,Xilinhot,medium_airport
XIY,Xi'an Xianyang International Airport,34.442207,108.762385,CN,Xi'an,large_airport
XKS,Kasabonika Airport,53.52470016479492,-88.6427993774414,CA,Kasabonika,medium_airport
XMH,Manihi Airport,-14.436800003051758,-146.07000732421875,PF,,medium_airport
XMN,Xiamen Gaoqi International Airport,24.543889,118.127454,CN,Xiamen,large_airport
XMS,Coronel E Carvajal Airport,-2.2991700172424316,-78.12079620361328,EC,Macas,medium_airport
XNA,Northwest Arkansas National Airport,36.281898,-94.306801,US,Fayetteville/Springdale/Rogers,medium_airport
XNN,Xining Caojiabao International Airport,36.52775,102.040215,CN,Haidong (Huzhu Tu Autonomous County),large_airport
XPL,Palmerola International Airport,14.3824,-87.621201,HN,Palmerola,large_airport
XQP,Quepos Managua Airport,9.44316,-84.129799,CR,Quepos,medium_airport
XQU,Qualicum Beach Airport,49.337456,-124.393086,CA,Qualicum Beach,medium_airport
XRY,Jerez Airport,36.744598,-6.06011,ES,Jerez de la Frontera,medium_airport
XSC,South Caicos Airport,21.515699,-71.528503,TC,South Caicos,medium_airport
XSP,Seletar Airport,1.41555,103.86673,SG,Seletar,medium_airport
XTG,Thargomindah Airport,-27.986368,143.812065,AU,Thargomindah,medium_airport
XUZ,Xuzhou Guanyin International Airport,34.059056,117.555278,CN,Xuzhou,medium_airport
XWA,Williston Basin International Airport,48.260863,-103.75116,US,Williston,medium_airport
YAA,Anahim Lake Airport,52.451501,-125.303776,CA,Anahim Lake,medium_airport
YAG,Fort Frances Municipal Airport,48.655749,-93.44349,CA,Fort Frances,medium_airport
YAK,Yakutat Airport,59.508717,-139.660435,US,Yakutat,medium_airport
YAM,Sault Ste Marie Airport,46.483216,-84.508467,CA,Sault Ste Marie,medium_airport
YAP,Yap International Airport,9.49891,138.082993,FM,Yap Island,large_airport
YAY,St. Anthony Airport,51.391909,-56.08321,CA,St. Anthony,medium_airport
YAZ,Tofino / Long Beach Airport,49.079833,-125.775583,CA,Tofino,medium_airport
YBC,Baie-Comeau Airport,49.1325,-68.204399,CA,Baie-Comeau,medium_airport
YBG,Saguenay-Bagotville Airport,48.330123,-70.992012,CA,Saguenay,medium_airport
YBK,Baker Lake Airport,64.29889678960001,-96.077796936,CA,Baker Lake,medium_airport
YBL,Campbell River Airport,49.950802,-125.271004,CA,Campbell River,medium_airport
YBP,Yibin Wuliangye Airport,28.858431,104.526157,CN,Yibin (Cuiping),medium_airport
YBR,Brandon Municipal Airport,49.91,-99.951897,CA,Brandon,medium_airport
YBX,Lourdes-de-Blanc-Sablon Airport,51.4436,-57.185299,CA,Blanc-Sablon,medium_airport
YBY,Bonnyville Airport,54.304199,-110.744003,CA,Bonnyville,medium_airport
YCB,Cambridge Bay Airport,69.1081008911,-105.138000488,CA,Cambridge Bay,medium_airport
YCD,Nanaimo Airport,49.05497,-123.869863,CA,Nanaimo,medium_airport
YCG,Castlegar/West Kootenay Regional Airport,49.296398,-117.632004,CA,Castlegar,medium_airport
YCM,Niagara District Airport,43.191598,-79.171686,CA,Niagara-on-the-Lake,medium_airport
YCU,Yuncheng Yanhu International Airport,35.117823,111.034023,CN,Yuncheng (Yanhu),large_airport
YDA,Dawson City Airport,64.04309844970703,-139.1280059814453,CA,Dawson City,medium_airport
YDF,Deer Lake Airport,49.208159,-57.396147,CA,Deer Lake,medium_airport
YDN,Dauphin Barker Airport,51.1008,-100.052002,CA,Dauphin,medium_airport
YEG,Edmonton International Airport,53.3097,-113.580002,CA,Edmonton,large_airport
YEI,Bursa Yenişehir Airport,40.255199,29.562599,TR,Yenişehir,medium_airport
YEV,Inuvik Mike Zubko Airport,68.30419921880001,-133.483001709,CA,Inuvik,medium_airport
YFB,Iqaluit Airport,63.756402,-68.555801,CA,Iqaluit,medium_airport
YFC,Fredericton International Airport,45.868697,-66.529891,CA,Fredericton,medium_airport
YFS,Fort Simpson Airport,61.76020050048828,-121.23699951171875,CA,Fort Simpson,medium_airport
YGJ,Yonago Kitaro Airport / JASDF Miho Air Base,35.492199,133.235992,JP,Yonago,medium_airport
YGL,La Grande Rivière Airport,53.625301361083984,-77.7042007446289,CA,La Grande Rivière,medium_airport
YGP,Michel-Pouliot Gaspé Airport,48.774915,-64.481893,CA,Gaspé,medium_airport
YGR,Îles-de-la-Madeleine Airport,47.425242,-61.778612,CA,Les Îles-de-la-Madeleine,medium_airport
YGV,Havre-Saint-Pierre Airport,50.281898,-63.611401,CA,Havre-Saint-Pierre,medium_airport
YGW,Kuujjuarapik Airport,55.281898498535156,-77.76529693603516,CA,Kuujjuarapik,medium_airport
YHM,John C. Munro Hamilton International Airport,43.171308,-79.929416,CA,Hamilton,large_airport
YHU,Montréal / Saint-Hubert Metropolitan Airport,45.517502,-73.416901,CA,Montréal,medium_airport
YHY,Hay River / Merlyn Carter Airport,60.8396987915,-115.782997131,CA,Hay River,medium_airport
YHZ,Halifax / Stanfield International Airport,44.8807983398,-63.5085983276,CA,Halifax,large_airport
YIA,Yogyakarta International Airport,-7.905338,110.057264,ID,Yogyakarta,large_airport
YIC,Yichun Mingyueshan Airport,27.8025,114.3062,CN,Yichun,medium_airport
YIE,Arxan Yi'ershi Airport,47.3106,119.9117,CN,Arxan,medium_airport
YIF,St Augustin Airport,51.2117,-58.658298,CA,St-Augustin,medium_airport
YIH,Yichang Sanxia Airport,30.554132,111.482563,CN,Yichang (Xiaoting),medium_airport
YIN,Ili Yining International Airport,43.955799,81.330299,CN,Ili (Yining / Ghulja),medium_airport
YIV,Island Lake Airport,53.857200622558594,-94.65360260009766,CA,Island Lake,medium_airport
YIW,Yiwu Airport,29.342095,120.03116,CN,Yiwu/Jinhua,large_airport
YKA,Kamloops John Moose Fulton Field Regional Airport,50.703038,-120.448641,CA,Kamloops,medium_airport
YKF,Region of Waterloo International Airport,43.4608,-80.378601,CA,Breslau,medium_airport
YKH,Yingkou Lanqi Airport,40.542524,122.3586,CN,Yingkou (Laobian),medium_airport
YKL,Schefferville Airport,54.805301666259766,-66.8052978515625,CA,Schefferville,medium_airport
YKM,Yakima Air Terminal McAllister Field,46.56819916,-120.5439987,US,Yakima,medium_airport
YKO,Hakkari Yüksekova Airport,37.5497,44.2381,TR,Hakkari,medium_airport
YKS,Platon Oyunsky Yakutsk International Airport,62.0933,129.770996,RU,Yakutsk,large_airport
YLK,Barrie-Lake Simcoe Regional Airport,44.485056,-79.554663,CA,Barrie,medium_airport
YLL,Lloydminster Airport,53.3092,-110.072998,CA,Lloydminster,medium_airport
YLW,Kelowna International Airport,49.9561,-119.377998,CA,Kelowna,large_airport
YLX,Yulin Fumian Airport,22.433042,110.119996,CN,Yulin,medium_airport
YMM,Fort McMurray International Airport,56.653301,-111.222,CA,Fort McMurray,medium_airport
YMO,Moosonee Airport,51.291099548339844,-80.60780334472656,CA,Moosonee,medium_airport
YMS,Moises Benzaquen Rengifo Airport,-5.89377,-76.118202,PE,Yurimaguas,medium_airport
YMT,Chapais Airport,49.77190017700195,-74.5280990600586,CA,Chibougamau,medium_airport
YMX,Montreal Mirabel International Airport,45.679501,-74.038696,CA,Montréal,medium_airport
YNA,Natashquan Airport,50.190114,-61.78898,CA,Natashquan,medium_airport
YNB,Prince Abdulmohsen Bin Abdulaziz International Airport,24.144199,38.0634,SA,Yanbu,large_airport
YND,Ottawa / Gatineau Airport,45.521702,-75.563599,CA,Gatineau,medium_airport
YNJ,Yanji Chaoyangchuan Airport,42.8828010559,129.451004028,CN,Yanji,medium_airport
YNL,Points North Landing Airport,58.27669906616211,-104.08200073242188,CA,Points North Landing,medium_airport
YNT,Yantai Penglai International Airport,37.659724,120.978124,CN,Yantai,large_airport
YNY,Yangyang International Airport,38.060481,128.669822,KR,Gonghang-ro,large_airport
YNZ,Yancheng Nanyang International Airport,33.428317,120.20545,CN,Yancheng (Tinghu),large_airport
YOJ,High Level Airport,58.62139892578125,-117.16500091552734,CA,High Level,medium_airport
YOL,Yola Airport,9.257550239562988,12.430399894714355,NG,Yola,medium_airport
YOW,Ottawa Macdonald-Cartier International Airport,45.322498,-75.669197,CA,Ottawa,large_airport
YPA,Prince Albert Glass Field,53.214199066199996,-105.672996521,CA,Prince Albert,medium_airport
YPE,Peace River Airport,56.226898,-117.446999,CA,Peace River,medium_airport
YPL,Pickle Lake Airport,51.4463996887207,-90.21420288085938,CA,Pickle Lake,medium_airport
YPN,Port-Menier Airport,49.836399,-64.288597,CA,Port-Menier,medium_airport
YPQ,Peterborough Regional Airport,44.232251,-78.362053,CA,Peterborough,medium_airport
YPR,Prince Rupert Airport,54.286098480199996,-130.445007324,CA,Prince Rupert,medium_airport
YPW,Powell River Airport,49.83420181274414,-124.5,CA,Powell River,medium_airport
YPX,Puvirnituq Airport,60.050598,-77.286903,CA,Puvirnituq,medium_airport
YPY,Fort Chipewyan Airport,58.7672004699707,-111.11699676513672,CA,Fort Chipewyan,medium_airport
YPZ,Burns Lake Airport,54.3764,-125.950996,CA,Burns Lake,medium_airport
YQA,Muskoka Airport,44.975376,-79.306546,CA,Gravenhurst,medium_airport
YQB,Quebec Jean Lesage International Airport,46.7911,-71.393303,CA,Quebec,large_airport
YQD,The Pas Airport,53.97140121459961,-101.09100341796875,CA,The Pas,medium_airport
YQG,Windsor International Airport,42.2756,-82.955597,CA,Windsor,large_airport
YQH,Watson Lake Airport,60.116839,-128.821993,CA,Watson Lake,medium_airport
YQK,Kenora Airport,49.788299560546875,-94.36309814453125,CA,Kenora,medium_airport
YQL,Lethbridge County Airport,49.6302986145,-112.800003052,CA,Lethbridge,medium_airport
YQM,Greater Moncton Roméo LeBlanc International Airport,46.113189,-64.67719,CA,Moncton,medium_airport
YQN,Nakina Airport,50.18280029296875,-86.69640350341797,CA,Nakina,medium_airport
YQQ,Comox Valley International Airport / CFB Comox,49.7108,-124.887001,CA,Comox,medium_airport
YQR,Regina International Airport,50.431938,-104.660906,CA,Regina,medium_airport
YQT,Thunder Bay International Airport,48.371899,-89.323898,CA,Thunder Bay,medium_airport
YQU,Grande Prairie Airport,55.1796989441,-118.885002136,CA,Grande Prairie,medium_airport
YQX,Gander International Airport,48.936258,-54.567719,CA,Gander,medium_airport
YQY,Sydney / J.A. Douglas McCurdy Airport,46.161072,-60.049759,CA,Sydney,medium_airport
YQZ,Quesnel Airport,53.026100158691406,-122.51000213623047,CA,Quesnel,medium_airport
YRB,Resolute Bay Airport,74.7169036865,-94.9693984985,CA,Resolute Bay,medium_airport
YRJ,Roberval Airport,48.519665,-72.265735,CA,Roberval,medium_airport
YRL,Red Lake Airport,51.066898345947266,-93.79309844970703,CA,Red Lake,medium_airport
YRO,Ottawa / Rockcliffe Airport,45.460496,-75.644001,CA,Ottawa,medium_airport
YRT,Rankin Inlet Airport,62.8114013672,-92.1157989502,CA,Rankin Inlet,medium_airport
YSB,Sudbury Airport,46.625,-80.79889678955078,CA,Sudbury,medium_airport
YSF,Stony Rapids Airport,59.250301361083984,-105.84100341796875,CA,Stony Rapids,medium_airport
YSJ,Saint John Airport,45.31610107421875,-65.89029693603516,CA,Saint John,medium_airport
YSM,Fort Smith Airport,60.020302,-111.961998,CA,Fort Smith,medium_airport
YSQ,Songyuan Chaganhu Airport,44.931143,124.552121,CN,Qian Gorlos Mongol Autonomous County,medium_airport
YTH,Thompson Airport,55.80110168457031,-97.86419677734375,CA,Thompson,medium_airport
YTS,Timmins/Victor M. Power,48.569698333699996,-81.376701355,CA,Timmins,medium_airport
YTY,Yangzhou Taizhou Airport,32.5634,119.7198,CN,Yangzhou,medium_airport
YTZ,Billy Bishop Toronto City Airport,43.627852,-79.39553,CA,Toronto,medium_airport
YUL,Montreal / Pierre Elliott Trudeau International Airport,45.467837,-73.742294,CA,Montréal,large_airport
YUM,Yuma International Airport / Marine Corps Air Station Yuma,32.650938,-114.609375,US,Yuma,medium_airport
YUS,Yushu Batang Airport,32.836389,97.036389,CN,Yushu (Batang),medium_airport
YUX,Hall Beach Airport,68.7761,-81.2425,CA,Sanirajak,medium_airport
YUY,Rouyn Noranda Airport,48.20610046386719,-78.83560180664062,CA,Rouyn-Noranda,medium_airport
YVB,Bonaventure Airport,48.071098,-65.460297,CA,Bonaventure,medium_airport
YVC,La Ronge Airport,55.151401519800004,-105.262001038,CA,La Ronge,medium_airport
YVO,Val-d'Or Airport,48.0532989502,-77.7827987671,CA,Val-d'Or,medium_airport
YVP,Kuujjuaq Airport,58.096099853515625,-68.4269027709961,CA,Kuujjuaq,medium_airport
YVQ,Norman Wells Airport,65.28160095214844,-126.7979965209961,CA,Norman Wells,medium_airport
YVR,Vancouver International Airport,49.193901,-123.183998,CA,Vancouver,large_airport
YVV,Wiarton Airport,44.7458,-81.107201,CA,Wiarton,medium_airport
YWG,Winnipeg / James Armstrong Richardson International Airport,49.909999847399995,-97.2398986816,CA,Winnipeg,large_airport
YWK,Wabush Airport,52.92190170288086,-66.8644027709961,CA,Wabush,medium_airport
YWL,Williams Lake Airport,52.1831016541,-122.054000854,CA,Williams Lake,medium_airport
YXC,Cranbrook/Canadian Rockies International Airport,49.610802,-115.781998,CA,Cranbrook,medium_airport
YXE,Saskatoon John G. Diefenbaker International Airport,52.170723,-106.700793,CA,Saskatoon,large_airport
YXH,Medicine Hat Regional Airport,50.018902,-110.721001,CA,Medicine Hat,medium_airport
YXJ,Fort St John / North Peace Regional Airport,56.238098,-120.739998,CA,Fort Saint John,medium_airport
YXL,Sioux Lookout Airport,50.11389923095703,-91.9052963256836,CA,Sioux Lookout,medium_airport
YXS,Prince George (International) Airport,53.884311,-122.666554,CA,Prince George,medium_airport
YXT,Northwest Regional Airport Terrace-Kitimat,54.468498,-128.576009,CA,Terrace,medium_airport
YXU,London International Airport,43.032845,-81.149003,CA,London,medium_airport
YXX,Abbotsford International Airport,49.025299,-122.361,CA,Abbotsford,medium_airport
YXY,Whitehorse / Erik Nielsen International Airport,60.708533,-135.065705,CA,Whitehorse,medium_airport
YYA,Yueyang Sanhe Airport,29.311699,113.281574,CN,Yueyang (Yueyanglou),medium_airport
YYB,North Bay Jack Garland Airport,46.363602,-79.422798,CA,North Bay,medium_airport
YYC,Calgary International Airport,51.118822,-114.009933,CA,Calgary,large_airport
YYD,Smithers Airport,54.82469940185547,-127.18299865722656,CA,Smithers,medium_airport
YYE,Fort Nelson Airport,58.8363990784,-122.597000122,CA,Fort Nelson,medium_airport
YYF,Penticton Airport,49.46310043334961,-119.60199737548828,CA,Penticton,medium_airport
YYG,Charlottetown Airport,46.288911,-63.125174,CA,Charlottetown,medium_airport
YYJ,Victoria International Airport,48.647201,-123.427792,CA,Victoria,large_airport
YYL,Lynn Lake Airport,56.86389923095703,-101.07599639892578,CA,Lynn Lake,medium_airport
YYQ,Churchill Airport,58.739200592041016,-94.06500244140625,CA,Churchill,medium_airport
YYR,Goose Bay Airport,53.3191986084,-60.4258003235,CA,Goose Bay,medium_airport
YYT,St. John's International Airport,47.618599,-52.7519,CA,St. John's,large_airport
YYY,Mont Joli Airport,48.60860061645508,-68.20809936523438,CA,Mont-Joli,medium_airport
YYZ,Toronto Pearson International Airport,43.675935,-79.629421,CA,Toronto,large_airport
YZF,Yellowknife International Airport,62.462799,-114.440002,CA,Yellowknife,medium_airport
YZP,Sandspit Airport,53.25429916379999,-131.813995361,CA,Sandspit,medium_airport
YZS,Coral Harbour Airport,64.1932983398,-83.3593978882,CA,Coral Harbour,medium_airport
YZT,Port Hardy Airport,50.680599212646484,-127.36699676513672,CA,Port Hardy,medium_airport
YZU,Whitecourt Airport,54.143902,-115.787003,CA,Whitecourt,medium_airport
YZV,Sept-Îles Airport,50.22330093383789,-66.2656021118164,CA,Sept-Îles,medium_airport
YZY,Zhangye Ganzhou Airport,38.801899,100.675003,CN,Zhangye (Ganzhou),medium_airport
ZAD,Zadar Airport,44.096986,15.353565,HR,Zadar,large_airport
ZAG,Zagreb Franjo Tuđman International Airport,45.742901,16.0688,HR,Velika Gorica,large_airport
ZAH,Zahedan International Airport,29.4757,60.9062,IR,Zahedan,large_airport
ZAL,Pichoy Airport,-39.6500015259,-73.0860977173,CL,Valdivia,medium_airport
ZAM,Zamboanga International Airport,6.92242,122.059998,PH,Zamboanga,large_airport
ZAT,Zhaotong Zhaoyang Airport,27.205843,103.691511,CN,Zhaotong,medium_airport
ZAZ,Zaragoza Airport,41.666199,-1.04155,ES,Zaragoza,large_airport
ZBF,Bathurst Airport,47.6297,-65.738899,CA,South Tetagouche,medium_airport
ZBR,Chabahar Konarak International Airport,25.44319,60.382167,IR,Konarak,medium_airport
ZCL,General Leobardo C. Ruiz International Airport,22.894942,-102.687154,MX,Zacatecas,medium_airport
ZCO,La Araucanía International Airport,-38.9259,-72.6515,CL,Temuco,large_airport
ZEL,Bella Bella (Campbell Island) Airport,52.185001,-128.156994,CA,Bella Bella,medium_airport
ZHA,Zhanjiang Wuchuan International Airport,21.481667,110.590278,CN,Zhanjiang,large_airport
ZHY,Zhongwei Shapotou Airport,37.573125,105.154454,CN,Zhongwei (Shapotou),medium_airport
ZIA,Zhukovsky International Airport,55.553299,38.150002,RU,Moscow,large_airport
ZIG,Ziguinchor Airport,12.55559,-16.283298,SN,Ziguinchor,medium_airport
ZIH,Ixtapa-Zihuatanejo International Airport,17.601771,-101.460629,MX,Ixtapa,large_airport
ZIX,Zhigansk Airport,66.7965011597,123.361000061,RU,Zhigansk,medium_airport
ZKP,Zyryanka Airport,65.7485,150.8889,RU,Zyryanka,medium_airport
ZLO,Playa de Oro International Airport,19.1448,-104.558998,MX,Manzanillo,medium_airport
ZMT,Masset Airport,54.0275,-132.125,CA,Masset,medium_airport
ZND,Zinder Airport,13.779000282287598,8.983759880065918,NE,Zinder,medium_airport
ZNE,Newman Airport,-23.417800903299998,119.803001404,AU,Newman,medium_airport
ZNZ,Abeid Amani Karume International Airport,-6.22202,39.224899,TZ,Zanzibar,large_airport
ZOS,Cañal Bajo Carlos Hott Siebert Airport,-40.611198,-73.060997,CL,Osorno,medium_airport
ZQN,Queenstown Airport,-45.019205,168.746379,NZ,Queenstown,large_airport
ZQZ,Zhangjiakou Ningyuan Airport,40.738664,114.933395,CN,Zhangjiakou,medium_airport
ZRH,Zürich Airport,47.458056,8.548056,CH,Zurich,large_airport
ZSA,San Salvador International Airport,24.063041,-74.523233,BS,San Salvador,large_airport
ZSE,Saint-Pierre Pierrefonds Airport,-21.319362,55.422506,RE,Saint-Pierre,large_airport
ZSJ,Sandy Lake Airport,53.06420135498047,-93.34439849853516,CA,Sandy Lake,medium_airport
ZTH,Zakynthos International Airport Dionysios Solomos,37.7509,20.8843,GR,Zakynthos,medium_airport
ZUH,Zhuhai Jinwan Airport,22.006399,113.375999,CN,Zhuhai (Jinwan),large_airport
ZYI,Zunyi Xinzhou Airport,27.810723,107.247189,CN,Zunyi,medium_airport
ZYL,Osmany International Airport,24.963993,91.864749,BD,Sylhet,large_airport
